セクション,セクション_ja,項目,項目_ja,2026年モデル 東方曜 2.0TD 自動 霄漢版,2026年モデル 東方曜 2.0TD 自動 揽星版,2026年モデル 東方曜 2.0TD 自動 望月版,2025年モデル 2.0TD 自動 行雲版,2025年モデル 東方曜 2.0TD 自動 今朝版,2025年モデル 東方曜 2.0TD 自動 揽星版,2025年モデル 東方曜 2.0TD 自動 4WD 望月版,2024年モデル ハイブリッド 1.5T 星雲版,2024年モデル ハイブリッド 1.5T 星河版,2024年モデル ハイブリッド 1.5T 天宮版,2024年モデル 2.0TD DCT EVO 2WD 長風版,2024年モデル 2.0TD 高出力 自動 2WD 雲起版,2024年モデル 2.0TD 高出力 自動 2WD 天際版
,nan,厂商指导价(元),メーカー希望小売価格(元),"15.87万元（日本円 約3,332,700円）","16.87万元（日本円 約3,542,700円）","17.97万元（日本円 約3,773,700円）","15.67万元（日本円 約3,290,700円）","16.37万元（日本円 約3,437,700円）","16.97万元（日本円 約3,563,700円）","17.97万元（日本円 約3,773,700円）","15.97万元（日本円 約3,353,700円）","16.77万元（日本円 約3,521,700円）","17.77万元（日本円 約3,731,700円）","14.77万元（日本円 約3,101,700円）","15.77万元（日本円 約3,311,700円）","16.87万元（日本円 約3,542,700円）"
,nan,经销商报价,ディーラー販売価格（元）,暂无,暂无,暂无,暂无,暂无,暂无,暂无,暂无,暂无,暂无,暂无,暂无,暂无
基本参数,基本仕様,厂商,メーカー,ジーリー自動車,ジーリー自動車,ジーリー自動車,ジーリー自動車,ジーリー自動車,ジーリー自動車,ジーリー自動車,ジーリー自動車,ジーリー自動車,ジーリー自動車,ジーリー自動車,ジーリー自動車,ジーリー自動車
基本参数,基本仕様,级别,クラス,コンパクトSUV,コンパクトSUV,コンパクトSUV,コンパクトSUV,コンパクトSUV,コンパクトSUV,コンパクトSUV,コンパクトSUV,コンパクトSUV,コンパクトSUV,コンパクトSUV,コンパクトSUV,コンパクトSUV
基本参数,基本仕様,能源类型,エネルギータイプ,ガソリン,ガソリン,ガソリン,ガソリン,ガソリン,ガソリン,ガソリン,ハイブリッド,ハイブリッド,ハイブリッド,ガソリン,ガソリン,ガソリン
基本参数,基本仕様,环保标准,環境基準,国6排ガス規制,国6排ガス規制,国6排ガス規制,国6排ガス規制,国6排ガス規制,国6排ガス規制,国6排ガス規制,国6排ガス規制,国6排ガス規制,国6排ガス規制,国6排ガス規制,国6排ガス規制,国6排ガス規制
基本参数,基本仕様,上市时间,発売時期,2025.09,2025.09,2025.09,2025.03,2025.03,2024.10,2024.10,2024.03,2023.12,2023.12,2024.03,2023.09,2023.09
基本参数,基本仕様,最大功率(kW),最大出力(kW),200,200,200,175,175,175,175,-,-,-,160,175,175
基本参数,基本仕様,最大扭矩(N·m),最大トルク(N·m),400,400,400,350,350,350,350,-,-,-,325,350,350
基本参数,基本仕様,变速箱,トランスミッション,8速AT（マニュアルモード付）,8速AT（マニュアルモード付）,8速AT（マニュアルモード付）,8速AT（マニュアルモード付）,8速AT（マニュアルモード付）,8速AT（マニュアルモード付）,8速AT（マニュアルモード付）,3速DHT（ハイブリッド専用トランスミッション）,3速DHT（ハイブリッド専用トランスミッション）,3速DHT（ハイブリッド専用トランスミッション）,7速湿式DCT（デュアルクラッチトランスミッション）,8速AT（マニュアルモード付）,8速AT（マニュアルモード付）
基本参数,基本仕様,车身结构,ボディ構造,5ドア5人乗りSUV,5ドア5人乗りSUV,5ドア5人乗りSUV,5ドア5人乗りSUV,5ドア5人乗りSUV,5ドア5人乗りSUV,5ドア5人乗りSUV,5ドア5人乗りSUV,5ドア5人乗りSUV,5ドア5人乗りSUV,5ドア5人乗りSUV,5ドア5人乗りSUV,5ドア5人乗りSUV
基本参数,基本仕様,发动机,エンジン,2.0T 272馬力 L4エンジン,2.0T 272馬力 L4エンジン,2.0T 272馬力 L4エンジン,2.0T 238馬力 L4エンジン,2.0T 238馬力 L4エンジン,2.0T 238馬力 L4エンジン,2.0T 238馬力 L4エンジン,1.5T 163馬力 L4エンジン,1.5T 163馬力 L4エンジン,1.5T 163馬力 L4エンジン,2.0T 218馬力 L4エンジン,2.0T 238馬力 L4エンジン,2.0T 238馬力 L4エンジン
基本参数,基本仕様,电动机(Ps),モーター出力(Ps),-,-,-,-,-,-,-,136,136,136,-,-,-
基本参数,基本仕様,长*宽*高(mm),全長×全幅×全高(mm),全長4795×全幅1895×全高1689mm,全長4795×全幅1895×全高1689mm,全長4795×全幅1895×全高1689mm,全長4770×全幅1895×全高1689mm,全長4770×全幅1895×全高1689mm,全長4770×全幅1895×全高1689mm,全長4770×全幅1895×全高1689mm,全長4795×全幅1895×全高1689mm,全長4795×全幅1895×全高1689mm,全長4795×全幅1895×全高1689mm,全長4770×全幅1895×全高1689mm,全長4770×全幅1895×全高1689mm,全長4770×全幅1895×全高1689mm
基本参数,基本仕様,官方0-100km/h加速(s),公式0-100km/h加速(s),7.3,7.3,7.5,7.5,7.5,7.5,7.7,7.9,7.9,7.9,7.9,7.5,7.5
基本参数,基本仕様,最高车速(km/h),最高速度(km/h),225,225,225,215,215,215,215,190,190,190,215,215,215
基本参数,基本仕様,NEDC综合油耗(L/100km),NEDC総合燃費(L/100km),-,-,-,-,-,-,-,4.3,4.3,4.3,6.8,6.9,6.9
基本参数,基本仕様,WLTC综合油耗(L/100km),WLTC総合燃費(L/100km),7.79,7.79,8.59,7.79,7.79,7.79,8.59,4.79,4.79,4.79,7.5,7.70,7.70
基本参数,基本仕様,整车质保,車両保証,● 5年または15万km保証,● 5年または15万km保証,● 5年または15万km保証,● 5年または15万km保証,● 5年または15万km保証,● 5年または15万km保証,● 5年または15万km保証,● 5年または15万km保証,● 5年または15万km保証,● 5年または15万km保証,● 5年または15万km保証,● 5年または15万km保証,● 5年または15万km保証
基本参数,基本仕様,整备质量(kg),車両重量(kg),1675,1675,1760,1675,1675,1675,1760,1775,1775,1775,1675,1695,1695
基本参数,基本仕様,最大满载质量(kg),最大積載質量(kg),2096,2096,2189,2096,2096,2096,2189,2199,2199,2199,2130,2160,2160
车身,車体,长度(mm),全長(mm),4795,4795,4795,4770,4770,4770,4770,4795,4795,4795,4770,4770,4770
车身,車体,宽度(mm),全幅(mm),1895,1895,1895,1895,1895,1895,1895,1895,1895,1895,1895,1895,1895
车身,車体,高度(mm),全高(mm),1689,1689,1689,1689,1689,1689,1689,1689,1689,1689,1689,1689,1689
车身,車体,轴距(mm),ホイールベース(mm),2845,2845,2845,2845,2845,2845,2845,2845,2845,2845,2845,2845,2845
车身,車体,前轮距(mm),前トレッド(mm),1610,1610,1610,1610,1610,1610,1610,1610,1610,1610,1610,1610,1610
车身,車体,后轮距(mm),後トレッド(mm),1610,1610,1610,1610,1610,1610,1610,1610,1610,1610,1610,1610,1610
车身,車体,接近角(°),アプローチアングル(°),19,19,19,19,19,19,19,19,19,19,19,19,19
车身,車体,离去角(°),デパーチャーアングル(°),19,19,19,19,19,19,19,19,19,19,19,19,19
车身,車体,车身结构,ボディ構造,SUV,SUV,SUV,SUV,SUV,SUV,SUV,SUV,SUV,SUV,SUV,SUV,SUV
车身,車体,车门开启方式,ドア開閉方式,ヒンジドア,ヒンジドア,ヒンジドア,ヒンジドア,ヒンジドア,ヒンジドア,ヒンジドア,ヒンジドア,ヒンジドア,ヒンジドア,ヒンジドア,ヒンジドア,ヒンジドア
车身,車体,车门数(个),ドア数(枚),● 5人乗り,● 5人乗り,● 5人乗り,● 5人乗り,● 5人乗り,● 5人乗り,● 5人乗り,● 5人乗り,● 5人乗り,● 5人乗り,● 5人乗り,● 5人乗り,● 5人乗り
车身,車体,座位数(个),乗車定員(名),● 5人乗り,● 5人乗り,● 5人乗り,● 5人乗り,● 5人乗り,● 5人乗り,● 5人乗り,● 5人乗り,● 5人乗り,● 5人乗り,● 5人乗り,● 5人乗り,● 5人乗り
车身,車体,油箱容积(L),燃料タンク容量(L),55,55,62,55,55,55,62,55,55,55,55,55,55
车身,車体,后备厢容积(L),トランク容量(L),562,562,562,562,562,562,562,-,-,-,562,562,562
车身,車体,风阻系数(Cd),空気抵抗係数(Cd),-,-,-,-,-,-,-,-,-,-,-,-,-
发动机,エンジン,发动机型号,エンジン型式,JLH-4G20TDH型式,JLH-4G20TDH型式,JLH-4G20TDH型式,JLH-4G20TDB型式,JLH-4G20TDB型式,JLH-4G20TDB型式,JLH-4G20TDB型式,BHE15-BFZ型式,BHE15-BFZ型式,BHE15-BFZ型式,JLH-4G20TDJ型式,JLH-4G20TDB型式,JLH-4G20TDB型式
发动机,エンジン,排量(mL),排気量(mL),1969,1969,1969,1969,1969,1969,1969,1499,1499,1499,1969,1969,1969
发动机,エンジン,排量(L),排気量(L),2.0,2.0,2.0,2.0,2.0,2.0,2.0,1.5,1.5,1.5,2.0,2.0,2.0
发动机,エンジン,进气形式,過給形式,ターボチャージャー付き,ターボチャージャー付き,ターボチャージャー付き,ターボチャージャー付き,ターボチャージャー付き,ターボチャージャー付き,ターボチャージャー付き,ターボチャージャー付き,ターボチャージャー付き,ターボチャージャー付き,ターボチャージャー付き,ターボチャージャー付き,ターボチャージャー付き
发动机,エンジン,发动机布局,エンジン配置,横置エンジン,横置エンジン,横置エンジン,横置エンジン,横置エンジン,横置エンジン,横置エンジン,横置エンジン,横置エンジン,横置エンジン,横置エンジン,横置エンジン,横置エンジン
发动机,エンジン,气缸排列形式,シリンダー配列,L,L,L,L,L,L,L,L,L,L,L,L,L
发动机,エンジン,气缸数(个),シリンダー数(個),4,4,4,4,4,4,4,4,4,4,4,4,4
发动机,エンジン,每缸气门数(个),1気筒あたりバルブ数(個),4,4,4,4,4,4,4,4,4,4,4,4,4
发动机,エンジン,配气机构,バルブ機構,DOHC（ダブルオーバーヘッドカムシャフト）,DOHC（ダブルオーバーヘッドカムシャフト）,DOHC（ダブルオーバーヘッドカムシャフト）,DOHC（ダブルオーバーヘッドカムシャフト）,DOHC（ダブルオーバーヘッドカムシャフト）,DOHC（ダブルオーバーヘッドカムシャフト）,DOHC（ダブルオーバーヘッドカムシャフト）,DOHC（ダブルオーバーヘッドカムシャフト）,DOHC（ダブルオーバーヘッドカムシャフト）,DOHC（ダブルオーバーヘッドカムシャフト）,DOHC（ダブルオーバーヘッドカムシャフト）,DOHC（ダブルオーバーヘッドカムシャフト）,DOHC（ダブルオーバーヘッドカムシャフト）
发动机,エンジン,最大马力(Ps),最高出力(Ps),272,272,272,238,238,238,238,163,163,163,218,238,238
发动机,エンジン,最大功率(kW),最大出力(kW),200,200,200,175,175,175,175,120,120,120,160,175,175
发动机,エンジン,最大功率转速(rpm),最大出力発生回転数(rpm),-,-,-,-,-,-,-,-,-,-,-,-,-
发动机,エンジン,最大扭矩(N·m),最大トルク(N·m),400,400,400,350,350,350,350,255,255,255,325,350,350
发动机,エンジン,最大扭矩转速(rpm),最大トルク発生回転数(rpm),-,-,-,-,-,-,-,-,-,-,-,-,-
发动机,エンジン,最大净功率(kW),最大出力(kW),195,195,195,175,175,175,175,115,115,115,160,175,175
发动机,エンジン,发动机特有技术,エンジン独自技術,-,-,-,-,-,-,-,ミラーサイクル,ミラーサイクル,ミラーサイクル,-,-,-
发动机,エンジン,能源类型,エネルギータイプ,ガソリン,ガソリン,ガソリン,ガソリン,ガソリン,ガソリン,ガソリン,ハイブリッド,ハイブリッド,ハイブリッド,ガソリン,ガソリン,ガソリン
发动机,エンジン,燃油标号,燃料オクタン価,レギュラーガソリン95号,レギュラーガソリン95号,レギュラーガソリン95号,レギュラーガソリン95号,レギュラーガソリン95号,レギュラーガソリン95号,レギュラーガソリン95号,レギュラーガソリン92号,レギュラーガソリン92号,レギュラーガソリン92号,レギュラーガソリン95号,レギュラーガソリン95号,レギュラーガソリン95号
发动机,エンジン,供油方式,燃料供給方式,直噴,直噴,直噴,直噴,直噴,直噴,直噴,直噴,直噴,直噴,直噴,直噴,直噴
发动机,エンジン,缸盖材料,シリンダーヘッド材質,アルミ合金,アルミ合金,アルミ合金,アルミ合金,アルミ合金,アルミ合金,アルミ合金,アルミ合金,アルミ合金,アルミ合金,アルミ合金,アルミ合金,アルミ合金
发动机,エンジン,缸体材料,シリンダーブロック材質,アルミ合金,アルミ合金,アルミ合金,アルミ合金,アルミ合金,アルミ合金,アルミ合金,アルミ合金,アルミ合金,アルミ合金,アルミ合金,アルミ合金,アルミ合金
发动机,エンジン,环保标准,環境基準,国6排ガス規制,国6排ガス規制,国6排ガス規制,国6排ガス規制,国6排ガス規制,国6排ガス規制,国6排ガス規制,国6排ガス規制,国6排ガス規制,国6排ガス規制,国6排ガス規制,国6排ガス規制,国6排ガス規制
电动机,モーター,电机类型,モーター種類,-,-,-,-,-,-,-,交流同期モーター,交流同期モーター,交流同期モーター,-,-,-
电动机,モーター,电动机总功率(kW),モーター総出力(kW),-,-,-,-,-,-,-,100,100,100,-,-,-
电动机,モーター,电动机总马力(Ps),モーター総馬力(Ps),-,-,-,-,-,-,-,136,136,136,-,-,-
电动机,モーター,电动机总扭矩(N·m),モーター総トルク(N·m),-,-,-,-,-,-,-,320,320,320,-,-,-
电动机,モーター,前电动机最大功率(kW),前モーター最大出力(kW),-,-,-,-,-,-,-,100,100,100,-,-,-
电动机,モーター,前电动机最大扭矩(N·m),前モーター最大トルク(N·m),-,-,-,-,-,-,-,320,320,320,-,-,-
电动机,モーター,驱动电机数,駆動モーター数,-,-,-,-,-,-,-,単モーター,単モーター,単モーター,-,-,-
电动机,モーター,电机布局,モーター配置,-,-,-,-,-,-,-,前置エンジン,前置エンジン,前置エンジン,-,-,-
电池/充电,バッテリー/充電,电池类型,バッテリー種類,-,-,-,-,-,-,-,● 三元リチウム電池,● 三元リチウム電池,● 三元リチウム電池,-,-,-
电池/充电,バッテリー/充電,电芯品牌,電池セルブランド,-,-,-,-,-,-,-,● シンワンダ製バッテリー,● シンワンダ製バッテリー,● シンワンダ製バッテリー,-,-,-
电池/充电,バッテリー/充電,NEDC综合续航(km),NEDC総合航続距離(km),-,-,-,-,-,-,-,1279,1279,1279,-,-,-
变速箱,トランスミッション,简称,略称,8速AT（マニュアルモード付）,8速AT（マニュアルモード付）,8速AT（マニュアルモード付）,8速AT（マニュアルモード付）,8速AT（マニュアルモード付）,8速AT（マニュアルモード付）,8速AT（マニュアルモード付）,3速DHT（ハイブリッド専用トランスミッション）,3速DHT（ハイブリッド専用トランスミッション）,3速DHT（ハイブリッド専用トランスミッション）,7速湿式DCT（デュアルクラッチトランスミッション）,8速AT（マニュアルモード付）,8速AT（マニュアルモード付）
变速箱,トランスミッション,挡位个数,段数,8,8,8,8,8,8,8,3,3,3,7,8,8
变速箱,トランスミッション,变速箱类型,トランスミッション形式,AT（マニュアルモード付）,AT（マニュアルモード付）,AT（マニュアルモード付）,AT（マニュアルモード付）,AT（マニュアルモード付）,AT（マニュアルモード付）,AT（マニュアルモード付）,ハイブリッド専用トランスミッション（DHT）,ハイブリッド専用トランスミッション（DHT）,ハイブリッド専用トランスミッション（DHT）,湿式デュアルクラッチトランスミッション（DCT）,AT（マニュアルモード付）,AT（マニュアルモード付）
底盘转向,シャシー・ステアリング,驱动方式,駆動方式,● 前置前輪駆動,● 前置前輪駆動,● 前置四輪駆動,● 前置前輪駆動,● 前置前輪駆動,● 前置前輪駆動,● 前置四輪駆動,● 前置前輪駆動,● 前置前輪駆動,● 前置前輪駆動,● 前置前輪駆動,● 前置前輪駆動,● 前置前輪駆動
底盘转向,シャシー・ステアリング,四驱形式,4WD方式,-,-,● 走行状況に応じた四輪駆動（オンデマンド4WD）,-,-,-,● 走行状況に応じた四輪駆動（オンデマンド4WD）,-,-,-,-,-,-
底盘转向,シャシー・ステアリング,中央差速器结构,センターデフ形式,-,-,● 多板クラッチ,-,-,-,● 多板クラッチ,-,-,-,-,-,-
底盘转向,シャシー・ステアリング,前悬架类型,フロントサスペンション形式,● マクファーソン式独立サスペンション,● マクファーソン式独立サスペンション,● マクファーソン式独立サスペンション,● マクファーソン式独立サスペンション,● マクファーソン式独立サスペンション,● マクファーソン式独立サスペンション,● マクファーソン式独立サスペンション,● マクファーソン式独立サスペンション,● マクファーソン式独立サスペンション,● マクファーソン式独立サスペンション,● マクファーソン式独立サスペンション,● マクファーソン式独立サスペンション,● マクファーソン式独立サスペンション
底盘转向,シャシー・ステアリング,后悬架类型,リヤサスペンション形式,● マルチリンク式独立サスペンション,● マルチリンク式独立サスペンション,● マルチリンク式独立サスペンション,● マルチリンク式独立サスペンション,● マルチリンク式独立サスペンション,● マルチリンク式独立サスペンション,● マルチリンク式独立サスペンション,● マルチリンク式独立サスペンション,● マルチリンク式独立サスペンション,● マルチリンク式独立サスペンション,● マルチリンク式独立サスペンション,● マルチリンク式独立サスペンション,● マルチリンク式独立サスペンション
底盘转向,シャシー・ステアリング,助力类型,パワーステアリング形式,● 電動パワーステアリング,● 電動パワーステアリング,● 電動パワーステアリング,● 電動パワーステアリング,● 電動パワーステアリング,● 電動パワーステアリング,● 電動パワーステアリング,● 電動パワーステアリング,● 電動パワーステアリング,● 電動パワーステアリング,● 電動パワーステアリング,● 電動パワーステアリング,● 電動パワーステアリング
底盘转向,シャシー・ステアリング,车体结构,車体構造,モノコックボディ,モノコックボディ,モノコックボディ,モノコックボディ,モノコックボディ,モノコックボディ,モノコックボディ,モノコックボディ,モノコックボディ,モノコックボディ,モノコックボディ,モノコックボディ,モノコックボディ
车轮制动,ホイール・ブレーキ,前制动器类型,フロントブレーキ形式,● ベンチレーテッドディスクブレーキ,● ベンチレーテッドディスクブレーキ,● ベンチレーテッドディスクブレーキ,● ベンチレーテッドディスクブレーキ,● ベンチレーテッドディスクブレーキ,● ベンチレーテッドディスクブレーキ,● ベンチレーテッドディスクブレーキ,● ベンチレーテッドディスクブレーキ,● ベンチレーテッドディスクブレーキ,● ベンチレーテッドディスクブレーキ,● ベンチレーテッドディスクブレーキ,● ベンチレーテッドディスクブレーキ,● ベンチレーテッドディスクブレーキ
车轮制动,ホイール・ブレーキ,后制动器类型,リヤブレーキ形式,● ディスクブレーキ,● ディスクブレーキ,● ディスクブレーキ,● ディスクブレーキ,● ディスクブレーキ,● ディスクブレーキ,● ディスクブレーキ,● ディスクブレーキ,● ディスクブレーキ,● ディスクブレーキ,● ディスクブレーキ,● ディスクブレーキ,● ディスクブレーキ
车轮制动,ホイール・ブレーキ,驻车制动类型,パーキングブレーキ形式,● 電子パーキングブレーキ,● 電子パーキングブレーキ,● 電子パーキングブレーキ,● 電子パーキングブレーキ,● 電子パーキングブレーキ,● 電子パーキングブレーキ,● 電子パーキングブレーキ,● 電子パーキングブレーキ,● 電子パーキングブレーキ,● 電子パーキングブレーキ,● 電子パーキングブレーキ,● 電子パーキングブレーキ,● 電子パーキングブレーキ
车轮制动,ホイール・ブレーキ,前轮胎规格,フロントタイヤサイズ,● 245/45 R20タイヤ,● 245/45 R20タイヤ,● 245/45 R20タイヤ,● 235/50 R19タイヤ,● 245/45 R20タイヤ,● 245/45 R20タイヤ,● 245/45 R20タイヤ,● 235/50 R19タイヤ,● 245/45 R20タイヤ,● 245/45 R20タイヤ,● 235/50 R19タイヤ,● 235/50 R19タイヤ,● 245/45 R20タイヤ
车轮制动,ホイール・ブレーキ,后轮胎规格,リヤタイヤサイズ,● 245/45 R20タイヤ,● 245/45 R20タイヤ,● 245/45 R20タイヤ,● 235/50 R19タイヤ,● 245/45 R20タイヤ,● 245/45 R20タイヤ,● 245/45 R20タイヤ,● 235/50 R19タイヤ,● 245/45 R20タイヤ,● 245/45 R20タイヤ,● 235/50 R19タイヤ,● 235/50 R19タイヤ,● 245/45 R20タイヤ
车轮制动,ホイール・ブレーキ,备胎规格,スペアタイヤ仕様,● フルサイズスペアタイヤなし,● フルサイズスペアタイヤなし,● フルサイズスペアタイヤなし,● フルサイズスペアタイヤなし,● フルサイズスペアタイヤなし,● フルサイズスペアタイヤなし,● フルサイズスペアタイヤなし,● フルサイズスペアタイヤなし,● フルサイズスペアタイヤなし,● フルサイズスペアタイヤなし,● フルサイズスペアタイヤなし,● フルサイズスペアタイヤなし,● フルサイズスペアタイヤなし
车轮制动,ホイール・ブレーキ,备胎放置方式,スペアタイヤ設置方法,● トランク内収納,● トランク内収納,● トランク内収納,● トランク内収納,● トランク内収納,● トランク内収納,● トランク内収納,● トランク内収納,● トランク内収納,● トランク内収納,● トランク内収納,● トランク内収納,● トランク内収納
被动安全,衝突安全,主/副驾驶座安全气囊,運転席/助手席エアバッグ,● 運転席/助手席,● 運転席/助手席,● 運転席/助手席,● 運転席/助手席,● 運転席/助手席,● 運転席/助手席,● 運転席/助手席,● 運転席/助手席,● 運転席/助手席,● 運転席/助手席,● 運転席/助手席,● 運転席/助手席,● 運転席/助手席
被动安全,衝突安全,前/后排侧气囊,前/後席サイドエアバッグ,● 前席/後席,● 前席/後席,● 前席/後席,● 前席/後席,● 前席/後席,● 前席/後席,● 前席/後席,● 前席/後席,● 前席/後席,● 前席/後席,● 前席/後席,● 前席/後席,● 前席/後席
被动安全,衝突安全,前/后排头部气囊(气帘),前/後席カーテンエアバッグ,● 前席/後席,● 前席/後席,● 前席/後席,● 前席/後席,● 前席/後席,● 前席/後席,● 前席/後席,● 前席/後席,● 前席/後席,● 前席/後席,● 前席/後席,● 前席/後席,● 前席/後席
被动安全,衝突安全,前排中间气囊,フロントセンターエアバッグ,●,●,●,-,-,-,-,-,-,-,-,-,-
主动安全,アクティブセーフティ,ABS防抱死,ABS,●,●,●,●,●,●,●,●,●,●,●,●,●
主动安全,アクティブセーフティ,制动力分配(EBD/CBC等),EBD/CBC,●,●,●,●,●,●,●,●,●,●,●,●,●
主动安全,アクティブセーフティ,刹车辅助(EBA/BAS/BA等),ブレーキアシスト(EBA/BAS/BA),●,●,●,●,●,●,●,●,●,●,●,●,●
主动安全,アクティブセーフティ,牵引力控制(ASR/TCS/TRC等),トラクションコントロール,●,●,●,●,●,●,●,●,●,●,●,●,●
主动安全,アクティブセーフティ,车身稳定控制(ESC/ESP/DSC等),横滑り防止装置,●,●,●,●,●,●,●,●,●,●,●,●,●
主动安全,アクティブセーフティ,胎压监测功能,タイヤ空気圧監視,● タイヤ空気圧モニター,● タイヤ空気圧モニター,● タイヤ空気圧モニター,● タイヤ空気圧モニター,● タイヤ空気圧モニター,● タイヤ空気圧モニター,● タイヤ空気圧モニター,● タイヤ空気圧モニター,● タイヤ空気圧モニター,● タイヤ空気圧モニター,● タイヤ空気圧モニター,● タイヤ空気圧モニター,● タイヤ空気圧モニター
主动安全,アクティブセーフティ,安全带未系提醒,シートベルト非着用警告,● 前席のみ,● 前席のみ,● 前席のみ,● 前席のみ,● 前席のみ,● 前席のみ,● 前席のみ,● 全席対応,● 全席対応,● 全席対応,● 前席のみ,● 全席対応,● 全席対応
主动安全,アクティブセーフティ,ISOFIX儿童座椅接口,ISOFIXチャイルドシート固定装置,●,●,●,●,●,●,●,●,●,●,●,●,●
主动安全,アクティブセーフティ,车道偏离预警系统,レーンディパーチャー警報,●,●,●,●,●,●,●,●,●,●,●,●,●
主动安全,アクティブセーフティ,主动刹车/主动安全系统,自動緊急ブレーキ(AEB),●,●,●,●,●,●,●,●,●,●,●,●,●
主动安全,アクティブセーフティ,疲劳驾驶提示,ドライバー疲労警報,-,○,●,-,-,-,-,-,●,●,-,-,-
主动安全,アクティブセーフティ,DOW开门预警,ドアオープン警報(DOW),●,●,●,●,●,●,●,-,●,●,-,-,-
主动安全,アクティブセーフティ,前方碰撞预警,前方衝突警告,●,●,●,●,●,●,●,●,●,●,●,●,●
主动安全,アクティブセーフティ,后方碰撞预警,後方衝突警告,●,●,●,●,●,●,●,-,●,●,-,-,-
主动安全,アクティブセーフティ,低速行车警告,低速走行警告,-,-,-,-,-,-,-,●,●,●,-,-,-
主动安全,アクティブセーフティ,内置行车记录仪,内蔵ドライブレコーダー,●,●,●,●,●,●,●,○,○,○,-,-,-
主动安全,アクティブセーフティ,道路救援呼叫,緊急通報(eCall),●,●,●,●,●,●,●,●,●,●,●,●,●
驾驶操控,ドライビングコントロール,驾驶模式切换,ドライブモード切替,● モード：スポーツ、エコ、標準/快適、スノー,● モード：スポーツ、エコ、標準/快適、スノー,● スポーツ 経済 標準/快適 オフロード 雪道,● モード：スポーツ、エコ、標準/快適、スノー,● モード：スポーツ、エコ、標準/快適、スノー,● モード：スポーツ、エコ、標準/快適、スノー,● スポーツ 経済 標準/快適 オフロード 雪道,● スポーツ 経済 標準/快適 雪道 カスタム/パーソナライズ,● スポーツ 経済 標準/快適 雪道 カスタム/パーソナライズ,● スポーツ 経済 標準/快適 雪道 カスタム/パーソナライズ,● モード：スポーツ、エコ、標準/快適、スノー,● モード：スポーツ、エコ、標準/快適、スノー,● モード：スポーツ、エコ、標準/快適、スノー
驾驶操控,ドライビングコントロール,发动机启停技术,エンジンスタートストップ機能,-,-,-,-,-,-,-,-,-,-,●,●,●
驾驶操控,ドライビングコントロール,能量回收系统,エネルギー回生システム,-,-,-,-,-,-,-,●,●,●,-,-,-
驾驶操控,ドライビングコントロール,自动驻车,オートホールド,●,●,●,●,●,●,●,●,●,●,●,●,●
驾驶操控,ドライビングコントロール,上坡辅助,ヒルスタートアシスト,●,●,●,●,●,●,●,●,●,●,●,●,●
驾驶操控,ドライビングコントロール,陡坡缓降,ヒルディセントコントロール,●,●,●,●,●,●,●,●,●,●,●,●,●
驾驶操控,ドライビングコントロール,可变悬架功能,可変サスペンション機能,-,● サスペンション硬さ調整,● サスペンション硬さ調整,-,-,● サスペンション硬さ調整,● サスペンション硬さ調整,-,-,-,-,-,-
驾驶硬件,運転ハードウェア,前/后驻车雷达,前/後パーキングセンサー,● 前席/後席,● 前席/後席,● 前席/後席,● 前席/後席,● 前席/後席,● 前席/後席,● 前席/後席,● 前席/後席,● 前席/後席,● 前席/後席,● 前席/後席,● 前席/後席,● 前席/後席
驾驶硬件,運転ハードウェア,驾驶辅助影像,運転支援映像,● 360度パノラマ映像,● 360度パノラマ映像,● 360度パノラマ映像,● 360度パノラマ映像,● 360度パノラマ映像,● 360度パノラマ映像,● 360度パノラマ映像,● 360度パノラマ映像,● 360度パノラマ映像,● 360度パノラマ映像,● 360度パノラマ映像,● 360度パノラマ映像,● 360度パノラマ映像
驾驶硬件,運転ハードウェア,透明底盘/540度影像,透明シャーシ/540度カメラ映像,●,●,●,●,●,●,●,●,●,●,●,●,●
驾驶硬件,運転ハードウェア,辅助驾驶芯片,運転支援チップ,-,○ ホライゾンジャーニー6M,● ホライゾンジャーニー6M,-,-,-,-,-,-,-,-,-,-
驾驶硬件,運転ハードウェア,芯片总算力,チップ総演算能力,-,○ 128 TOPS,● 128 TOPS,-,-,-,-,-,-,-,-,-,-
驾驶硬件,運転ハードウェア,前方感知摄像头,前方検知カメラ,● 単眼,● 単眼,● 双眼,● 単眼,● 単眼,● 単眼,● 単眼,-,-,-,● 単眼,● 単眼,● 単眼
驾驶硬件,運転ハードウェア,摄像头数量,カメラ数,● 5個,● 5個,● 11個,● 5個,● 5個,● 5個,● 5個,● 6個,● 6個,● 6個,● 5個,● 5個,● 5個
驾驶硬件,運転ハードウェア,车内摄像头数量,車内カメラ数,-,-,● 1個,-,-,-,-,-,● 1個,● 1個,-,-,-
驾驶硬件,運転ハードウェア,超声波雷达数量,超音波レーダー数,● 8個,● 8個,● 12個,● 8個,● 8個,● 8個,● 8個,● 8個,● 12個,● 12個,● 8個,● 8個,● 8個
驾驶硬件,運転ハードウェア,毫米波雷达数量,ミリ波レーダー数,● 2個,● 2個,● 3個,● 2個,● 2個,● 2個,● 2個,● 1個,● 5個,● 5個,-,-,-
驾驶功能,運転機能,巡航系统,クルーズコントロールシステム,● 全速度域自動追従クルーズ,● 全速度域自動追従クルーズ,● 全速度域自動追従クルーズ,● 全速度域自動追従クルーズ,● 全速度域自動追従クルーズ,● 全速度域自動追従クルーズ,● 全速度域自動追従クルーズ,● 全速度域自動追従クルーズ,● 全速度域自動追従クルーズ,● 全速度域自動追従クルーズ,● 全速度域自動追従クルーズ,● 全速度域自動追従クルーズ,● 全速度域自動追従クルーズ
驾驶功能,運転機能,辅助驾驶系统,運転支援システム,-,○ チェンリー・ハオハンH3,● チェンリー・ハオハンH3,-,-,-,-,-,-,-,-,-,-
驾驶功能,運転機能,辅助驾驶等级,運転支援レベル,● L2,● L2,● L2,● L2,● L2,● L2,● L2,● L2,● L2,● L2,● L2,● L2,● L2
驾驶功能,運転機能,倒车车侧预警系统,後退時車両接近警報,●,●,●,●,●,●,●,-,●,●,-,-,-
驾驶功能,運転機能,卫星导航系统,衛星ナビゲーションシステム,●,●,●,●,●,●,●,●,●,●,●,●,●
驾驶功能,運転機能,导航路况信息显示,ナビ交通情報表示,●,●,●,●,●,●,●,●,●,●,●,●,●
驾驶功能,運転機能,地图品牌,地図ブランド,● 高徳（Gaode）,● 高徳（Gaode）,● 高徳（Gaode）,● 高徳（Gaode）,● 高徳（Gaode）,● 高徳（Gaode）,● 高徳（Gaode）,● 高徳（Gaode）,● 高徳（Gaode）,● 高徳（Gaode）,● 高徳（Gaode）,● 高徳（Gaode）,● 高徳（Gaode）
驾驶功能,運転機能,高精地图,高精度地図,-,-,-,-,-,-,-,-,○,○,-,-,-
驾驶功能,運転機能,并线辅助,ブラインドスポットアシスト,●,●,●,●,●,●,●,-,●,●,-,-,-
驾驶功能,運転機能,车道保持辅助系统,レーンキープアシスト,●,●,●,●,●,●,●,●,●,●,●,●,●
驾驶功能,運転機能,车道居中保持,車線中央維持,●,●,●,●,●,●,●,●,●,●,●,●,●
驾驶功能,運転機能,道路交通标识识别,交通標識認識,●,●,●,●,●,●,●,●,●,●,●,●,●
驾驶功能,運転機能,辅助泊车入位,駐車支援機能,-,○,●,-,-,-,-,-,●,●,-,-,-
驾驶功能,運転機能,遥控泊车,リモートパーキング,-,○,●,-,-,-,-,-,-,●,-,-,-
驾驶功能,運転機能,辅助变道,車線変更支援,-,○,●,-,-,-,-,-,●,●,-,-,-
驾驶功能,運転機能,辅助匝道自动驶出(入),ランプ自動進出支援,-,○,●,-,-,-,-,-,○,○,-,-,-
驾驶功能,運転機能,辅助驾驶路段,運転支援対応区間,-,○ 高速道路区間,● 高速道路区間,-,-,-,-,-,○ 高速道路区間,○ 高速道路区間,-,-,-
外观/防盗,エクステリア・盗難防止,轮圈材质,ホイール材質,● アルミ合金,● アルミ合金,● アルミ合金,● アルミ合金,● アルミ合金,● アルミ合金,● アルミ合金,● アルミ合金,● アルミ合金,● アルミ合金,● アルミ合金,● アルミ合金,● アルミ合金
外观/防盗,エクステリア・盗難防止,电动后备厢,パワーテールゲート,●,●,●,●,●,●,●,●,●,●,●,●,●
外观/防盗,エクステリア・盗難防止,感应后备厢,ハンズフリーテールゲート,-,-,-,●,●,●,●,●,●,●,●,●,●
外观/防盗,エクステリア・盗難防止,电动后备厢位置记忆,電動トランク位置メモリー,●,●,●,●,●,●,●,●,●,●,●,●,●
外观/防盗,エクステリア・盗難防止,车顶行李架,ルーフレール,●,●,●,●,●,●,●,●,●,●,●,●,●
外观/防盗,エクステリア・盗難防止,发动机电子防盗,エンジン電子盗難防止装置,●,●,●,●,●,●,●,●,●,●,●,●,●
外观/防盗,エクステリア・盗難防止,车内中控锁,集中ドアロック,●,●,●,●,●,●,●,●,●,●,●,●,●
外观/防盗,エクステリア・盗難防止,钥匙类型,キー種類,● リモコンキー Bluetoothキー,● リモコンキー Bluetoothキー,● リモコンキー Bluetoothキー,● リモコンキー,● リモコンキー,● リモコンキー Bluetoothキー,● リモコンキー Bluetoothキー,● リモコンキー,● リモコンキー,● リモコンキー Bluetoothキー,● リモコンキー,● リモコンキー,● リモコンキー Bluetoothキー
外观/防盗,エクステリア・盗難防止,无钥匙启动系统,キーレススタート,●,●,●,●,●,●,●,●,●,●,●,●,●
外观/防盗,エクステリア・盗難防止,无钥匙进入功能,キーレスエントリー機能,● 前席のみ,● 前席のみ,● 前席のみ,● 前席のみ,● 前席のみ,● 前席のみ,● 前席のみ,● 前席のみ,● 前席のみ,● 前席のみ,● 前席のみ,● 前席のみ,● 前席のみ
外观/防盗,エクステリア・盗難防止,远程启动功能,リモートスタート機能,●,●,●,●,●,●,●,●,●,●,●,●,●
车外灯光,外部照明,近光灯光源,ロービーム光源,● LED,● LED,● LED,● LED,● LED,● LED,● LED,● LED,● LED,● LED,● LED,● LED,● LED
车外灯光,外部照明,远光灯光源,ハイビーム光源,● LED,● LED,● LED,● LED,● LED,● LED,● LED,● LED,● LED,● LED,● LED,● LED,● LED
车外灯光,外部照明,灯光特色功能,ライト特別機能,● マトリクス式,● マトリクス式,● マトリクス式,● マトリクス式,● マトリクス式,● マトリクス式,● マトリクス式,-,-,-,● マトリクス式,● マトリクス式,● マトリクス式
车外灯光,外部照明,LED日间行车灯,LEDデイタイムランニングライト,●,●,●,●,●,●,●,●,●,●,●,●,●
车外灯光,外部照明,自适应远近光,アダプティブハイビーム,●,●,●,●,●,●,●,●,●,●,●,●,●
车外灯光,外部照明,自动头灯,オートヘッドライト,●,●,●,●,●,●,●,●,●,●,●,●,●
车外灯光,外部照明,车前雾灯,フロントフォグランプ,-,-,-,-,-,-,-,-,-,-,-,-,-
车外灯光,外部照明,大灯高度可调,ヘッドライトレベライザー,●,●,●,●,●,●,●,●,●,●,●,●,●
车外灯光,外部照明,大灯延时关闭,ヘッドライト遅延消灯,●,●,●,●,●,●,●,●,●,●,●,●,●
车外灯光,外部照明,辅助驾驶灯,運転支援ライト,-,○,●,-,-,-,-,-,-,-,-,-,-
天窗/玻璃,サンルーフ・ガラス,天窗类型,サンルーフ種類,● 開閉式パノラマサンルーフ,● 開閉式パノラマサンルーフ,● 開閉式パノラマサンルーフ,● 開閉式パノラマサンルーフ,● 開閉式パノラマサンルーフ,● 開閉式パノラマサンルーフ,● 開閉式パノラマサンルーフ,● 開閉式パノラマサンルーフ,● 開閉式パノラマサンルーフ,● 開閉式パノラマサンルーフ,● 開閉式パノラマサンルーフ,● 開閉式パノラマサンルーフ,● 開閉式パノラマサンルーフ
天窗/玻璃,サンルーフ・ガラス,前/后电动车窗,前/後パワーウィンドウ,● 前席/後席,● 前席/後席,● 前席/後席,● 前席/後席,● 前席/後席,● 前席/後席,● 前席/後席,● 前席/後席,● 前席/後席,● 前席/後席,● 前席/後席,● 前席/後席,● 前席/後席
天窗/玻璃,サンルーフ・ガラス,车窗一键升降功能,パワーウインドウワンタッチ昇降,● 全席対応,● 全席対応,● 全席対応,● 全席対応,● 全席対応,● 全席対応,● 全席対応,● 全席対応,● 全席対応,● 全席対応,● 全席対応,● 全席対応,● 全席対応
天窗/玻璃,サンルーフ・ガラス,车窗防夹手功能,ウインドウ挟み込み防止機能,●,●,●,●,●,●,●,●,●,●,●,●,●
天窗/玻璃,サンルーフ・ガラス,侧窗多层隔音玻璃,側面多層防音ガラス,● 前席のみ,● 前席のみ,● 前席のみ,● 前席のみ,● 前席のみ,● 前席のみ,● 前席のみ,● 前席のみ,● 前席のみ,● 前席のみ,● 前席のみ,● 前席のみ,● 前席のみ
天窗/玻璃,サンルーフ・ガラス,后排侧隐私玻璃,後席側プライバシーガラス,●,●,●,-,-,●,●,-,-,●,-,-,●
天窗/玻璃,サンルーフ・ガラス,车内化妆镜,車内化粧鏡,● 運転席＋照明灯 助手席＋照明灯,● 運転席＋照明灯 助手席＋照明灯,● 運転席＋照明灯 助手席＋照明灯,● 運転席＋照明灯 助手席＋照明灯,● 運転席＋照明灯 助手席＋照明灯,● 運転席＋照明灯 助手席＋照明灯,● 運転席＋照明灯 助手席＋照明灯,● 運転席＋照明灯 助手席＋照明灯,● 運転席＋照明灯 助手席＋照明灯,● 運転席＋照明灯 助手席＋照明灯,● 運転席＋照明灯 助手席＋照明灯,● 運転席＋照明灯 助手席＋照明灯,● 運転席＋照明灯 助手席＋照明灯
天窗/玻璃,サンルーフ・ガラス,后雨刷,リヤワイパー,●,●,●,●,●,●,●,●,●,●,●,●,●
天窗/玻璃,サンルーフ・ガラス,感应雨刷功能,雨感知ワイパー機能,● 雨量感知式,● 雨量感知式,● 雨量感知式,● 雨量感知式,● 雨量感知式,● 雨量感知式,● 雨量感知式,● 雨量感知式,● 雨量感知式,● 雨量感知式,● 雨量感知式,● 雨量感知式,● 雨量感知式
外后视镜,外側ドアミラー,外后视镜功能,ドアミラー機能,● 電動調整 電動格納 ミラー加熱 施錠時自動格納,● 電動調整 電動格納 ミラー加熱 施錠時自動格納,● 電動調整 電動格納 ミラー加熱 施錠時自動格納,● 電動調整 電動格納 ミラー加熱 施錠時自動格納,● 電動調整 電動格納 ミラー加熱 施錠時自動格納,● 電動調整 電動格納 ミラー加熱 施錠時自動格納,● 電動調整 電動格納 ミラー加熱 施錠時自動格納,● 電動調整 電動格納 ミラー加熱 施錠時自動格納,● 電動調整 電動格納 ミラー加熱 施錠時自動格納,● 電動調整 電動格納 ミラー加熱 施錠時自動格納,● 電動調整 電動格納 ミラー加熱 施錠時自動格納,● 電動調整 電動格納 ミラー加熱 施錠時自動格納,● 電動調整 電動格納 ミラー加熱 施錠時自動格納
屏幕/系统,ディスプレイ・システム,中控彩色屏幕,センターカラーディスプレイ,● タッチ液晶画面,● タッチ液晶画面,● タッチ液晶画面,● タッチ液晶画面,● タッチ液晶画面,● タッチ液晶画面,● タッチ液晶画面,● タッチ液晶画面,● タッチ液晶画面,● タッチ液晶画面,● タッチ液晶画面,● タッチ液晶画面,● タッチ液晶画面
屏幕/系统,ディスプレイ・システム,中控屏幕尺寸,センターディスプレイサイズ,● 14.6インチ,● 14.6インチ,● 14.6インチ,● 12.3インチ,● 12.3インチ,● 12.3インチ,● 12.3インチ,● 12.3インチ,● 12.3インチ,● 12.3インチ,● 12.3インチ,● 12.3インチ,● 12.3インチ
屏幕/系统,ディスプレイ・システム,中控屏幕分辨率,センターコンソール画面解像度,● 1920×1080,● 1920×1080,● 1920×1080,● 1920×720,● 1920×720,● 1920×720,● 1920×720,● 1920×720,● 1920×720,● 1920×720,● 1920×720,● 1920×720,● 1920×720
屏幕/系统,ディスプレイ・システム,中控屏幕像素密度,センターコンソール画面ピクセル密度,-,-,-,● 167PPI,● 167PPI,● 167PPI,● 167PPI,● 167PPI,● 167PPI,● 167PPI,● 167PPI,● 167PPI,● 167PPI
屏幕/系统,ディスプレイ・システム,副驾娱乐屏尺寸,助手席エンターテインメント画面サイズ,● 14.6インチ,● 14.6インチ,● 14.6インチ,● 12.3インチ,● 12.3インチ,● 12.3インチ,● 12.3インチ,● 12.3インチ,● 12.3インチ,● 12.3インチ,● 12.3インチ,● 12.3インチ,● 12.3インチ
屏幕/系统,ディスプレイ・システム,副驾屏幕分辨率,助手席画面解像度,● 1920×1080,● 1920×1080,● 1920×1080,● 1920×720,● 1920×720,● 1920×720,● 1920×720,● 1920×720,● 1920×720,● 1920×720,● 1920×720,● 1920×720,● 1920×720
屏幕/系统,ディスプレイ・システム,副驾屏幕像素密度,助手席画面ピクセル密度,-,-,-,● 167PPI,● 167PPI,● 167PPI,● 167PPI,● 167PPI,● 167PPI,● 167PPI,● 167PPI,● 167PPI,● 167PPI
屏幕/系统,ディスプレイ・システム,蓝牙/车载电话,Bluetooth／車載電話,●,●,●,●,●,●,●,●,●,●,●,●,●
屏幕/系统,ディスプレイ・システム,手机互联/映射,スマホ連携/ミラーリング,● HUAWEI HiCar対応 Carlink対応 Flyme link対応,● HUAWEI HiCar対応 Carlink対応 Flyme link対応,● HUAWEI HiCar対応 Carlink対応 Flyme link対応,● HUAWEI HiCar対応 Carlink対応,● HUAWEI HiCar対応 Carlink対応,● HUAWEI HiCar対応 Carlink対応,● HUAWEI HiCar対応 Carlink対応,● HUAWEI HiCar対応,● HUAWEI HiCar対応,● HUAWEI HiCar対応,● HUAWEI HiCar対応,● HUAWEI HiCar対応,● HUAWEI HiCar対応
屏幕/系统,ディスプレイ・システム,语音识别控制系统,音声認識操作,● マルチメディアシステム ナビ 電話 エアコン サンルーフ,● マルチメディアシステム ナビ 電話 エアコン サンルーフ,● マルチメディアシステム ナビ 電話 エアコン サンルーフ,● マルチメディアシステム ナビ 電話 エアコン サンルーフ,● マルチメディアシステム ナビ 電話 エアコン サンルーフ,● マルチメディアシステム ナビ 電話 エアコン サンルーフ,● マルチメディアシステム ナビ 電話 エアコン サンルーフ,● マルチメディアシステム ナビ 電話 エアコン サンルーフ パワーウインドウ,● マルチメディアシステム ナビ 電話 エアコン サンルーフ パワーウインドウ,● マルチメディアシステム ナビ 電話 エアコン サンルーフ パワーウインドウ,● マルチメディアシステム ナビ 電話 エアコン サンルーフ,● マルチメディアシステム ナビ 電話 エアコン サンルーフ,● マルチメディアシステム ナビ 電話 エアコン サンルーフ
屏幕/系统,ディスプレイ・システム,语音助手唤醒词,音声アシスタント起動ワード,● こんにちは、ジーリー,● こんにちは、ジーリー,● こんにちは、ジーリー,● こんにちは、ジーリー,● こんにちは、ジーリー,● こんにちは、ジーリー,● こんにちは、ジーリー,-,-,-,● こんにちは、ジーリー,● こんにちは、ジーリー,● こんにちは、ジーリー
屏幕/系统,ディスプレイ・システム,语音免唤醒词,音声起動ワード不要機能,●,●,●,●,●,●,●,●,●,●,●,●,●
屏幕/系统,ディスプレイ・システム,语音分区域唤醒识别,音声エリア別起動認識,● 4ゾーン,● 4ゾーン,● 4ゾーン,● 4ゾーン,● 4ゾーン,● 4ゾーン,● 4ゾーン,● 4ゾーン,● 4ゾーン,● 4ゾーン,● 4ゾーン,● 4ゾーン,● 4ゾーン
屏幕/系统,ディスプレイ・システム,语音连续识别,音声連続認識機能,●,●,●,-,-,-,-,●,●,●,-,-,-
屏幕/系统,ディスプレイ・システム,可见即可说,見てすぐ話せる機能,-,-,-,-,-,-,-,●,●,●,-,-,-
屏幕/系统,ディスプレイ・システム,面部识别,顔認証機能,-,○,●,-,-,-,-,-,●,●,-,-,-
屏幕/系统,ディスプレイ・システム,应用商店,アプリストア,●,●,●,●,●,●,●,-,-,-,●,●,●
屏幕/系统,ディスプレイ・システム,车载智能系统,車載インテリジェントシステム,● Flyme Auto,● Flyme Auto,● Flyme Auto,● ジーリーギャラクシーOS 2.0,● ジーリーギャラクシーOS 2.0,● ジーリーギャラクシーOS 2.0,● ジーリーギャラクシーOS 2.0,● ジーリーギャラクシーOS,● ジーリーギャラクシーOS,● ジーリーギャラクシーOS,● ジーリーギャラクシーOS 2.0,● ジーリーギャラクシーOS 2.0,● ジーリーギャラクシーOS 2.0
屏幕/系统,ディスプレイ・システム,车机智能芯片,車載スマートチップ,● Qualcomm Snapdragon 8155,● Qualcomm Snapdragon 8155,● Qualcomm Snapdragon 8155,● Qualcomm Snapdragon 8155,● Qualcomm Snapdragon 8155,● Qualcomm Snapdragon 8155,● Qualcomm Snapdragon 8155,● Qualcomm Snapdragon 8155,● Qualcomm Snapdragon 8155,● Qualcomm Snapdragon 8155,● Qualcomm Snapdragon 8155,● Qualcomm Snapdragon 8155,● Qualcomm Snapdragon 8155
屏幕/系统,ディスプレイ・システム,多指飞屏操控,マルチタッチ画面操作,●,●,●,●,●,●,●,●,●,●,●,●,●
智能化配置,スマート機能装備,车联网,車載ネットワーク（コネクテッドカー）,●,●,●,●,●,●,●,●,●,●,●,●,●
智能化配置,スマート機能装備,4G/5G网络,4G／5Gネットワーク,● 4G,● 4G,● 4G,● 4G,● 4G,● 4G,● 4G,● 4G,● 4G,● 5G,● 4G,● 4G,● 4G
智能化配置,スマート機能装備,OTA升级,OTAアップデート,●,●,●,●,●,●,●,●,●,●,●,●,●
智能化配置,スマート機能装備,Wi-Fi热点,Wi-Fiホットスポット,●,●,●,●,●,●,●,●,●,●,●,●,●
智能化配置,スマート機能装備,手机APP远程功能,スマホアプリ遠隔操作,●,●,●,●,●,●,●,● ドア操作 ウインドウ操作 エンジン始動 充電管理 エアコン操作 車両状態確認/診断 位置特定/車両検索 オーナーサービス（充電スタンド、ガソリンスタンド、駐車場検索等） メンテナンス予約,● ドア操作 ウインドウ操作 エンジン始動 充電管理 エアコン操作 車両状態確認/診断 位置特定/車両検索 オーナーサービス（充電スタンド、ガソリンスタンド、駐車場検索等） メンテナンス予約,● ドア操作 ウインドウ操作 エンジン始動 充電管理 エアコン操作 車両状態確認/診断 位置特定/車両検索 オーナーサービス（充電スタンド、ガソリンスタンド、駐車場検索等） メンテナンス予約,●,●,●
智能化配置,スマート機能装備,车载KTV,車載カラオケ機能,-,-,-,-,-,-,-,●,●,●,-,-,-
方向盘/内后视镜,ステアリング・内側ミラー,方向盘材质,ステアリング素材,● レザー,● レザー,● レザー,● レザー,● レザー,● レザー,● レザー,● レザー,● レザー,● レザー,● レザー,● レザー,● レザー
方向盘/内后视镜,ステアリング・内側ミラー,方向盘位置调节,ステアリング位置調整,● 手動上下＋前後調整,● 手動上下＋前後調整,● 手動上下＋前後調整,● 手動上下＋前後調整,● 手動上下＋前後調整,● 手動上下＋前後調整,● 手動上下＋前後調整,● 手動上下＋前後調整,● 手動上下＋前後調整,● 手動上下＋前後調整,● 手動上下＋前後調整,● 手動上下＋前後調整,● 手動上下＋前後調整
方向盘/内后视镜,ステアリング・内側ミラー,换挡形式,シフト形式,● 電子シフトレバー,● 電子シフトレバー,● 電子シフトレバー,● 電子シフトレバー,● 電子シフトレバー,● 電子シフトレバー,● 電子シフトレバー,● 電子シフトレバー,● 電子シフトレバー,● 電子シフトレバー,● 電子シフトレバー,● 電子シフトレバー,● 電子シフトレバー
方向盘/内后视镜,ステアリング・内側ミラー,多功能方向盘,多機能ステアリングホイール,●,●,●,●,●,●,●,●,●,●,●,●,●
方向盘/内后视镜,ステアリング・内側ミラー,方向盘加热,ステアリングヒーター,○,●,●,○,○,○,○,-,-,-,-,-,-
方向盘/内后视镜,ステアリング・内側ミラー,方向盘记忆,ステアリング位置メモリー,-,-,-,-,-,-,-,-,-,-,-,-,-
方向盘/内后视镜,ステアリング・内側ミラー,行车电脑显示屏幕,ドライブコンピュータ表示画面,● カラー,● カラー,● カラー,● カラー,● カラー,● カラー,● カラー,● カラー,● カラー,● カラー,● カラー,● カラー,● カラー
方向盘/内后视镜,ステアリング・内側ミラー,全液晶仪表盘,フル液晶メーター,●,●,●,●,●,●,●,●,●,●,●,●,●
方向盘/内后视镜,ステアリング・内側ミラー,液晶仪表尺寸,液晶メーターサイズ,● 12.3インチ,● 12.3インチ,● 12.3インチ,● 12.3インチ,● 12.3インチ,● 12.3インチ,● 12.3インチ,● 12.3インチ,● 12.3インチ,● 12.3インチ,● 12.3インチ,● 12.3インチ,● 12.3インチ
方向盘/内后视镜,ステアリング・内側ミラー,AR-HUD增强现实抬头显示,AR-HUD拡張現実ヘッドアップディスプレイ,●,●,●,-,●,●,●,-,-,●,-,-,●
方向盘/内后视镜,ステアリング・内側ミラー,HUD抬头尺寸,HUDヘッドアップディスプレイサイズ,● 25.6インチ,● 25.6インチ,● 25.6インチ,-,● 25.6インチ,● 25.6インチ,● 25.6インチ,-,-,-,-,-,-
方向盘/内后视镜,ステアリング・内側ミラー,内后视镜功能,ルームミラー機能,● 手動防眩目,● 自動防眩目,● 自動防眩目,● 手動防眩目,● 手動防眩目,● 自動防眩目,● 自動防眩目,● 手動防眩目,● 手動防眩目,● 自動防眩目,● 手動防眩目,● 手動防眩目,● 自動防眩目
车内充电,車内充電設備,多媒体/充电接口,マルチメディア／充電ポート,● USB Type-C,● USB Type-C,● USB Type-C,● USB Type-C,● USB Type-C,● USB Type-C,● USB Type-C,● USB Type-C,● USB Type-C,● USB Type-C,● USB Type-C,● USB Type-C,● USB Type-C
车内充电,車内充電設備,USB/Type-C接口数量,USB/Type-Cポート数,● 前席2個／後席2個,● 前席2個／後席2個,● 前席2個／後席2個,● 前席2個／後席2個,● 前席2個／後席2個,● 前席2個／後席2個,● 前席2個／後席2個,● 前席2個／後席1個,● 前席2個／後席1個,● 前席2個／後席1個,● 前席2個／後席2個,● 前席2個／後席2個,● 前席2個／後席2個
车内充电,車内充電設備,手机无线充电功能,スマホワイヤレス充電機能,● 前席のみ,● 前席のみ,● 前席のみ,● 前席のみ,● 前席のみ,● 前席のみ,● 前席のみ,● 前席のみ,● 前席のみ,● 前席のみ,-,● 前席のみ,● 前席のみ
车内充电,車内充電設備,手机无线充电功率,スマホワイヤレス充電出力,● 50W,● 50W,● 50W,● 50W,● 50W,● 50W,● 50W,● 50W,● 50W,● 50W,-,● 50W,● 50W
车内充电,車内充電設備,行李厢12V电源接口,トランク12V電源ポート,-,-,-,-,-,-,-,●,●,●,●,●,●
座椅配置,シート装備,座椅材质,シート素材,合成皮革 皮革／スエード素材ミックス（3000元）,合成皮革 皮革／スエード素材ミックス（3000元）,合成皮革 皮革／スエード素材ミックス（3000元）,● 合成皮革,合成皮革 皮革／スエード素材ミックス,合成皮革 皮革／スエード素材ミックス,合成皮革 皮革／スエード素材ミックス,● 合成皮革,● 合成皮革,● 合成皮革,● 合成皮革,合成皮革 皮革／スエード素材ミックス,合成皮革 皮革／スエード素材ミックス
座椅配置,シート装備,主座椅调节方式,運転席シート調整方式,● 前後調整 リクライニング 高さ調整（4方向） 腰部サポート（4方向）,● 前後調整 リクライニング 高さ調整（4方向） 腰部サポート（4方向）,● 前後調整 リクライニング 高さ調整（4方向） 腰部サポート（4方向）,● 前後調整 リクライニング 高さ調整（4方向） 腰部サポート（4方向）,● 前後調整 リクライニング 高さ調整（4方向） 腰部サポート（4方向）,● 前後調整 リクライニング 高さ調整（4方向） 腰部サポート（4方向）,● 前後調整 リクライニング 高さ調整（4方向） 腰部サポート（4方向）,● 前後調整 リクライニング 高さ調整（4方向） 腰部サポート（4方向）,● 前後調整 リクライニング 高さ調整（4方向） 腰部サポート（4方向）,● 前後調整 リクライニング 高さ調整（4方向） 腰部サポート（4方向）,● 前後調整 リクライニング 高さ調整（4方向） 腰部サポート（4方向）,● 前後調整 リクライニング 高さ調整（4方向） 腰部サポート（4方向）,● 前後調整 リクライニング 高さ調整（4方向） 腰部サポート（4方向）
座椅配置,シート装備,副座椅调节方式,助手席シート調整方式,● 前後調整 リクライニング,● 前後調整 リクライニング レッグレスト調整,● 前後調整 リクライニング レッグレスト調整,● 前後調整 リクライニング,● 前後調整 リクライニング,● 前後調整 リクライニング,● 前後調整 リクライニング,● 前後調整 リクライニング 高さ調整（2方向）,● 前後調整 リクライニング 高さ調整（2方向）,● 前後調整 リクライニング 高さ調整（2方向）,● 前後調整 リクライニング 高さ調整（2方向）,● 前後調整 リクライニング 高さ調整（2方向）,● 前後調整 リクライニング 高さ調整（2方向）
座椅配置,シート装備,主/副驾驶座电动调节,運転席/助手席電動調整,● 運転席/助手席,● 運転席/助手席,● 運転席/助手席,● 運転席/助手席,● 運転席/助手席,● 運転席/助手席,● 運転席/助手席,● 運転席/助手席,● 運転席/助手席,● 運転席/助手席,● 運転席/助手席,● 運転席/助手席,● 運転席/助手席
座椅配置,シート装備,前排座椅功能,フロントシート機能,● 加熱 通気（運転席のみ） マッサージ（運転席のみ） ヘッドレストスピーカー（運転席のみ）,● 加熱 通気 マッサージ ヘッドレストスピーカー（運転席のみ）,● 加熱 通気 マッサージ ヘッドレストスピーカー（運転席のみ）,● 加熱 通気（運転席のみ） マッサージ（運転席のみ）,● 加熱 通気（運転席のみ） マッサージ（運転席のみ） ヘッドレストスピーカー（運転席のみ）,● 加熱 通気 マッサージ（運転席のみ） ヘッドレストスピーカー（運転席のみ）,● 加熱 通気 マッサージ（運転席のみ） ヘッドレストスピーカー（運転席のみ）,● 加熱 通気（運転席のみ）,● 加熱 通気（運転席のみ）,● 加熱 通気,● 加熱 通気（運転席のみ）,● 加熱 通気（運転席のみ）,● 加熱 通気
座椅配置,シート装備,电动座椅记忆功能,電動シートメモリー機能,● 運転席 助手席,● 運転席 助手席,● 運転席 助手席,● 運転席 助手席,● 運転席 助手席,● 運転席 助手席,● 運転席 助手席,● 運転席,● 運転席,● 運転席,● 運転席,● 運転席,● 運転席
座椅配置,シート装備,副驾驶位后排可调节按钮,助手席後部調整ボタン,-,●,●,-,-,●,●,-,-,-,-,-,-
座椅配置,シート装備,第二排座椅调节,2列目シート調整,● リクライニング調整,● リクライニング調整,● リクライニング調整,● リクライニング調整,● リクライニング調整,● リクライニング調整,● リクライニング調整,● リクライニング調整,● リクライニング調整,● リクライニング調整,● リクライニング調整,● リクライニング調整,● リクライニング調整
座椅配置,シート装備,第二排座椅电动调节,2列目電動調整,-,●,●,-,-,●,●,-,-,-,-,-,-
座椅配置,シート装備,第二排座椅功能,2列目シート機能,○ 加熱,● 加熱,● 加熱,○ 加熱,○ 加熱,○ 加熱,○ 加熱,-,-,-,-,-,-
座椅配置,シート装備,后排座椅放倒形式,後部座席倒し方,● 分割可倒式,● 分割可倒式,● 分割可倒式,● 分割可倒式,● 分割可倒式,● 分割可倒式,● 分割可倒式,● 分割可倒式,● 分割可倒式,● 分割可倒式,● 分割可倒式,● 分割可倒式,● 分割可倒式
座椅配置,シート装備,前/后中央扶手,フロント/リヤセンターアームレスト,● 前席/後席,● 前席/後席,● 前席/後席,● 前席/後席,● 前席/後席,● 前席/後席,● 前席/後席,● 前席/後席,● 前席/後席,● 前席/後席,● 前席/後席,● 前席/後席,● 前席/後席
座椅配置,シート装備,后排杯架,後席カップホルダー,●,●,●,●,●,●,●,●,●,●,●,●,●
音响/车内灯光,オーディオ・室内照明,扬声器品牌名称,スピーカーブランド名,-,-,-,-,● Infinity（インフィニティ）燕飛利仕,● Infinity（インフィニティ）燕飛利仕,● Infinity（インフィニティ）燕飛利仕,-,-,● Infinity（インフィニティ）燕飛利仕,-,-,● Infinity（インフィニティ）燕飛利仕
音响/车内灯光,オーディオ・室内照明,扬声器数量,スピーカー数,● 16スピーカー,● 16スピーカー,● 16スピーカー,● 8スピーカー,● 12スピーカー,● 12スピーカー,● 12スピーカー,● 8スピーカー,● 8スピーカー,● 10スピーカー,● 8スピーカー,● 8スピーカー,● 10スピーカー
音响/车内灯光,オーディオ・室内照明,车内环境氛围灯,車内アンビエントライト,● 256色,● 256色,● 256色,● 72色,● 72色,● 72色,● 72色,● 72色,● 72色,● 72色,● 72色,● 72色,● 72色
空调/冰箱,エアコン・冷蔵庫,空调温度控制方式,エアコン温度制御方式,● 自動エアコン,● 自動エアコン,● 自動エアコン,● 自動エアコン,● 自動エアコン,● 自動エアコン,● 自動エアコン,● 自動エアコン,● 自動エアコン,● 自動エアコン,● 自動エアコン,● 自動エアコン,● 自動エアコン
空调/冰箱,エアコン・冷蔵庫,后排独立空调,後席独立エアコン,-,●,●,-,-,●,●,-,-,●,-,-,●
空调/冰箱,エアコン・冷蔵庫,后座出风口,後部座席エアアウトレット,●,●,●,●,●,●,●,●,●,●,●,●,●
空调/冰箱,エアコン・冷蔵庫,温度分区控制,温度ゾーン別制御,●,●,●,●,●,●,●,●,●,●,●,●,●
空调/冰箱,エアコン・冷蔵庫,车载空气净化器,車載空気清浄機,-,-,-,-,-,-,-,-,-,-,-,-,-
空调/冰箱,エアコン・冷蔵庫,车内PM2.5过滤装置,車内PM2.5フィルター装置,●,●,●,●,●,●,●,●,●,●,●,●,●
空调/冰箱,エアコン・冷蔵庫,空气质量监测,空気質センサー,-,●,●,-,-,●,●,-,-,-,-,-,●
颜色,カラー,外观颜色,外装色,墨玉黒 オーロラシルバー 玄武灰 牡蠣白 東方青 莫高ブルー,墨玉黒 オーロラシルバー 玄武灰 牡蠣白 東方青 莫高ブルー,墨玉黒 オーロラシルバー 玄武灰 牡蠣白 東方青 莫高ブルー,墨玉黒 オーロラシルバー 玄武灰 牡蠣白,墨玉黒 オーロラシルバー 玄武灰 牡蠣白 遠黛マットグレー ￥6000 東方青,墨玉黒 オーロラシルバー 玄武灰 牡蠣白 遠黛マットグレー ￥6000 東方青,墨玉黒 オーロラシルバー 玄武灰 牡蠣白 遠黛マットグレー ￥6000 東方青,皓月白 墨玉黒 オーロラシルバー 玄武灰 牡蠣白,皓月白 墨玉黒 オーロラシルバー 玄武灰 牡蠣白,皓月白 墨玉黒 オーロラシルバー 玄武灰 牡蠣白,墨玉黒 オーロラシルバー 玄武灰 翠羽ブルー 牡蠣白,墨玉黒 オーロラシルバー 玄武灰 翠羽ブルー ￥5000 牡蠣白 遠黛マットグレー ￥6000,墨玉黒 オーロラシルバー 玄武灰 翠羽ブルー 牡蠣白 遠黛マットグレー ￥6000
颜色,カラー,内饰颜色,内装色,黒／ブラウン 黒／韶華アプリコット,黒／ブラウン 黒／韶華アプリコット,黒／ブラウン 黒／韶華アプリコット,黒／明茶ブラウン,墨絵 黒／韶華アプリコット,韶華アプリコット 墨絵,韶華アプリコット 墨絵,黒／キャラメルブラウン 東方既白 ￥1999,黒／キャラメルブラウン 東方既白 ￥1999,黒／キャラメルブラウン 東方既白,月影黒,黒／緑 白／ブラウン 墨絵,黒／緑 白／ブラウン 墨絵
选装包,オプションパッケージ,加热包,ヒーターセット,○ 含む：ステアリングヒーター、シートリクライニングヒーター、後席シートヒーター オプション（1699元）,-,-,○ 含む：ステアリングヒーター、シートリクライニングヒーター、後席シートヒーター オプション（1699元）,○ 含む：ステアリングヒーター、シートリクライニングヒーター、後席シートヒーター オプション（1699元）,○ 含む：ステアリングヒーター、シートリクライニングヒーター、後席シートヒーター オプション（1699元）,○ 含む：ステアリングヒーター、シートリクライニングヒーター、後席シートヒーター オプション（1699元）,-,-,-,-,-,-
选装包,オプションパッケージ,鸣沙流金环保麂皮内饰,ミンサリュウキン環境対応スエード内装,○ 含む：鳴沙流金環境対応スエード内装 オプション（3000元）,○ 含む：鳴沙流金環境対応スエード内装 オプション（3000元）,○ 含む：鳴沙流金環境対応スエード内装 オプション（3000元）,-,-,-,-,-,-,-,-,-,-
选装包,オプションパッケージ,智能科技包,スマートテクノロジーパッケージ,-,○ 含む：千里浩瀚運転支援H3プラン＋Face ID顔認証＋運転者状態監視 オプション（6000元）,-,-,-,-,-,-,-,-,-,-,-
选装包,オプションパッケージ,天宫选装包,テンゴウオプションパッケージ,-,-,-,-,-,-,-,-,○ 含む：皓月白車体色、東方既白内装 オプション（2999元）,-,-,-,-
选装包,オプションパッケージ,泼墨环保麂皮内饰,ポモク環境対応スエード内装,-,-,-,-,○ 含む：墨絵環境対応スエード内装 オプション（3000元）,○ 含む：墨絵環境対応スエード内装 オプション（3000元）,○ 含む：墨絵環境対応スエード内装 オプション（3000元）,-,-,-,-,○ 含む：墨絵環境対応スエード内装 オプション（3000元）,-
选装包,オプションパッケージ,翠羽幻彩套装,スイウゲンサイパッケージ,-,-,-,-,-,-,-,-,-,-,-,○ 含む：翠羽幻彩特別塗装、幻彩ツートンスエード内装、20インチダブル5スポークパルスホイール、幻彩専用キー オプション（5000元）,○ 含む：翠羽幻彩特別塗装、幻彩ツートンスエード内装、20インチダブル5スポークパルスホイール、幻彩専用キー オプション（5000元）
