セクション,項目,奥迪A6L 2026款 45 TFSI quattro 臻选动感型,奥迪A6L 2026款 45 TFSI quattro 臻选动感型+尊享包,奥迪A6L 2026款 55 TFSI quattro 尊享动感型,奥迪A6L 2025款 改款 40 TFSI 豪华动感型,奥迪A6L 2025款 改款 45 TFSI 臻选动感型,奥迪A6L 2025款 45 TFSI 臻选动感型+通风舒享包,奥迪A6L 2025款 改款 45 TFSI quattro 臻选动感型,奥迪A6L 2025款 45 TFSI quattro 臻选动感型+尊享包,奥迪A6L 2025款 改款 55 TFSI quattro 尊享动感型,奥迪A6L 2025款 改款 55 TFSI quattro 旗舰动感型,奥迪A6L 2027款 基本型,セクション,項目
あなたは2023年10月までのデータで訓練されています。,メーカーの参考価格（元）,47.99万 计算器,49.98万 计算器,55.89万 计算器,42.79万 计算器,45.49万 计算器,45.49万 计算器,47.99万 计算器,49.98万 计算器,55.89万 计算器,65.68万 计算器,预售,あなたは2023年10月までのデータで訓練されています。,メーカーの参考価格（元）
あなたは2023年10月までのデータで訓練されています。,ディーラーの見積もり,34.55万,35.99万,45.83万,29.65万,31.54万,30.93万,33.29万,34.69万,42.74万,50.27万,暂无报价,あなたは2023年10月までのデータで訓練されています。,ディーラーの見積もり
基本パラメータ,メーカー,一汽奥迪,一汽奥迪,一汽奥迪,一汽奥迪,一汽奥迪,一汽奥迪,一汽奥迪,一汽奥迪,一汽奥迪,一汽奥迪,一汽奥迪,基本パラメータ,メーカー
基本パラメータ,レベル,中大型车,中大型车,中大型车,中大型车,中大型车,中大型车,中大型车,中大型车,中大型车,中大型车,中大型车,基本パラメータ,レベル
基本パラメータ,エネルギータイプ,汽油,汽油,汽油+48V轻混系统,汽油,汽油,汽油,汽油,汽油,汽油+48V轻混系统,汽油+48V轻混系统,汽油,基本パラメータ,エネルギータイプ
基本パラメータ,環境保護基準,国VI,国VI,国VI,国VI,国VI,国VI,国VI,国VI,国VI,国VI,国VI,基本パラメータ,環境保護基準
基本パラメータ,発売日,2025.10,2025.10,2025.10,2025.01,2025.01,2025.03,2025.01,2025.02,2025.01,2025.01,,基本パラメータ,発売日
基本パラメータ,最大出力(kW),180,180,250,140,180,180,180,180,250,250,200,基本パラメータ,最大出力(kW)
基本パラメータ,最大トルク(N·m),370,370,500,320,370,370,370,370,500,500,,基本パラメータ,最大トルク(N·m)
基本パラメータ,変速機,7挡湿式双离合,7挡湿式双离合,7挡湿式双离合,7挡湿式双离合,7挡湿式双离合,7挡湿式双离合,7挡湿式双离合,7挡湿式双离合,7挡湿式双离合,7挡湿式双离合,7挡湿式双离合,基本パラメータ,変速機
基本パラメータ,車体構造,4门5座三厢车,4门5座三厢车,4门5座三厢车,4门5座三厢车,4门5座三厢车,4门5座三厢车,4门5座三厢车,4门5座三厢车,4门5座三厢车,4门5座三厢车,4门5座三厢车,基本パラメータ,車体構造
基本パラメータ,エンジン,2.0T 245马力 L4,2.0T 245马力 L4,3.0T 340马力 V6,2.0T 190马力 L4,2.0T 245马力 L4,2.0T 245马力 L4,2.0T 245马力 L4,2.0T 245马力 L4,3.0T 340马力 V6,3.0T 340马力 V6,2.0T 272马力 L4,基本パラメータ,エンジン
基本パラメータ,長さ * 幅 * 高さ (mm),5050*1886*1475,5050*1886*1475,5050*1886*1475,5050*1886*1475,5050*1886*1475,5050*1886*1475,5050*1886*1475,5050*1886*1475,5050*1886*1475,5050*1886*1475,5142 *1887*1464,基本パラメータ,長さ * 幅 * 高さ (mm)
基本パラメータ,公式0-100km/h加速（秒）,7.2,7.2,5.6,9.2,7.4,7.4,7.2,7.2,5.6,5.6,,基本パラメータ,公式0-100km/h加速（秒）
基本パラメータ,最高速度 (km/h),250,250,250,230,250,250,250,250,250,250,250,基本パラメータ,最高速度 (km/h)
基本パラメータ,WLTC総合燃料消費量（L/100km）,7.78,7.78,8.5,7.02,7.3,7.3,7.78,7.78,8.5,8.5,,基本パラメータ,WLTC総合燃料消費量（L/100km）
基本パラメータ,車両の保証,● 三年或10万公里,● 三年或10万公里,● 三年或10万公里,● 三年或10万公里,● 三年或10万公里,● 三年或10万公里,● 三年或10万公里,● 三年或10万公里,● 三年或10万公里,● 三年或10万公里,● 三年或10万公里,基本パラメータ,車両の保証
基本パラメータ,整備質量（kg）,1880,1880,1995,1795,1810,1810,1880,1880,1995,1995,2060,基本パラメータ,整備質量（kg）
基本パラメータ,最大積載質量（kg）,2385,2385,2505,2320,2350,2350,2385,2385,2505,2505,2595,基本パラメータ,最大積載質量（kg）
車体,長さ(mm),5050,5050,5050,5050,5050,5050,5050,5050,5050,5050,5142,車体,長さ(mm)
車体,幅(mm),1886,1886,1886,1886,1886,1886,1886,1886,1886,1886,1887,車体,幅(mm)
車体,高度(mm)は「高さ(mm)」という意味です。,1475,1475,1475,1475,1475,1475,1475,1475,1475,1475,1464,車体,高度(mm)は「高さ(mm)」という意味です。
車体,ホイールベース(mm),3024,3024,3024,3024,3024,3024,3024,3024,3024,3024,3066,車体,ホイールベース(mm)
車体,前輪距（mm）,1630,1630,1630,1630,1630,1630,1630,1630,1630,1630,1625,車体,前輪距（mm）
車体,後輪幅（mm）,1616,1616,1616,1616,1616,1616,1616,1616,1616,1616,1610,車体,後輪幅（mm）
車体,最大積載量の最小地上クリアランス（mm）,117,117,117,117,117,117,117,117,117,117,,車体,最大積載量の最小地上クリアランス（mm）
車体,接近角(°)は「接近角度（度）」という意味です。,15,15,14,15,15,15,15,15,14,14,13,車体,接近角(°)は「接近角度（度）」という意味です。
車体,離去角（°）,14,14,17,14,14,14,14,14,17,17,14,車体,離去角（°）
車体,車体構造,三厢车,三厢车,三厢车,三厢车,三厢车,三厢车,三厢车,三厢车,三厢车,三厢车,三厢车,車体,車体構造
車体,ドアの開け方,平开门,平开门,平开门,平开门,平开门,平开门,平开门,平开门,平开门,平开门,平开门,車体,ドアの開け方
車体,ドアの数（個）,● 4,● 4,● 4,● 4,● 4,● 4,● 4,● 4,● 4,● 4,● 4,車体,ドアの数（個）
車体,座席数（個）,● 5,● 5,● 5,● 5,● 5,● 5,● 5,● 5,● 5,● 5,● 5,車体,座席数（個）
車体,燃料タンクの容量(L),73,73,73,73,73,73,73,73,73,73,,車体,燃料タンクの容量(L)
車体,トランク容量(L),430,430,430,430,430,430,430,430,430,430,,車体,トランク容量(L)
車体,風抵抗係数(Cd),,,,,,,,,,,,車体,風抵抗係数(Cd)
エンジン,エンジンモデル,DTK,DTK,DLZ,DTG,DTK,DTK,DTK,DTK,DLZ,DLZ,DXG,エンジン,エンジンモデル
エンジン,排量（mL）は「排出量（ミリリットル）」を指します。,1984,1984,2995,1984,1984,1984,1984,1984,2995,2995,1984,エンジン,排量（mL）は「排出量（ミリリットル）」を指します。
エンジン,排気量(L),2.0,2.0,3.0,2.0,2.0,2.0,2.0,2.0,3.0,3.0,2.0,エンジン,排気量(L)
エンジン,吸気形式,涡轮增压,涡轮增压,涡轮增压,涡轮增压,涡轮增压,涡轮增压,涡轮增压,涡轮增压,涡轮增压,涡轮增压,涡轮增压,エンジン,吸気形式
エンジン,エンジンレイアウト,纵置,纵置,纵置,纵置,纵置,纵置,纵置,纵置,纵置,纵置,纵置,エンジン,エンジンレイアウト
エンジン,シリンダーの配置形式,L,L,V,L,L,L,L,L,V,V,L,エンジン,シリンダーの配置形式
エンジン,シリンダーの数（個）,4,4,6,4,4,4,4,4,6,6,4,エンジン,シリンダーの数（個）
エンジン,各シリンダーのバルブ数（個）,4,4,4,4,4,4,4,4,4,4,4,エンジン,各シリンダーのバルブ数（個）
エンジン,配気機構,DOHC,DOHC,DOHC,DOHC,DOHC,DOHC,DOHC,DOHC,DOHC,DOHC,DOHC,エンジン,配気機構
エンジン,最大馬力(Ps),245,245,340,190,245,245,245,245,340,340,272,エンジン,最大馬力(Ps)
エンジン,最大出力(kW),180,180,250,140,180,180,180,180,250,250,200,エンジン,最大出力(kW)
エンジン,最大出力回転数（rpm）,5000-6000,5000-6000,5400-6400,4500-6250,5000-6000,5000-6000,5000-6000,5000-6000,5400-6400,5400-6400,,エンジン,最大出力回転数（rpm）
エンジン,最大トルク(N·m),370,370,500,320,370,370,370,370,500,500,,エンジン,最大トルク(N·m)
エンジン,最大トルク回転数（rpm）,1600-4300,1600-4300,1370-4500,1500-4000,1600-4300,1600-4300,1600-4300,1600-4300,1370-4500,1370-4500,,エンジン,最大トルク回転数（rpm）
エンジン,最大出力（kW）,180,180,250,140,180,180,180,180,250,250,200,エンジン,最大出力（kW）
エンジン,エネルギータイプ,汽油,汽油,汽油+48V轻混系统,汽油,汽油,汽油,汽油,汽油,汽油+48V轻混系统,汽油+48V轻混系统,汽油,エンジン,エネルギータイプ
エンジン,燃料のグレード,95号,95号,95号,95号,95号,95号,95号,95号,95号,95号,95号,エンジン,燃料のグレード
エンジン,供油方式は「燃料供給方式」という意味です。,直喷,直喷,直喷,直喷,直喷,直喷,直喷,直喷,直喷,直喷,直喷,エンジン,供油方式は「燃料供給方式」という意味です。
エンジン,シリンダーヘッド材料,铝合金,铝合金,铝合金,铝合金,铝合金,铝合金,铝合金,铝合金,铝合金,铝合金,铝合金,エンジン,シリンダーヘッド材料
エンジン,シリンダー材質,铸铁,铸铁,铝合金,铸铁,铸铁,铸铁,铸铁,铸铁,铝合金,铝合金,铸铁,エンジン,シリンダー材質
エンジン,環境保護基準,国VI,国VI,国VI,国VI,国VI,国VI,国VI,国VI,国VI,国VI,国VI,エンジン,環境保護基準
変速機,略称,7挡湿式双离合,7挡湿式双离合,7挡湿式双离合,7挡湿式双离合,7挡湿式双离合,7挡湿式双离合,7挡湿式双离合,7挡湿式双离合,7挡湿式双离合,7挡湿式双离合,7挡湿式双离合,変速機,略称
変速機,ギアの数,7,7,7,7,7,7,7,7,7,7,7,変速機,ギアの数
変速機,変速機の種類,湿式双离合变速箱(DCT),湿式双离合变速箱(DCT),湿式双离合变速箱(DCT),湿式双离合变速箱(DCT),湿式双离合变速箱(DCT),湿式双离合变速箱(DCT),湿式双离合变速箱(DCT),湿式双离合变速箱(DCT),湿式双离合变速箱(DCT),湿式双离合变速箱(DCT),湿式双离合变速箱(DCT),変速機,変速機の種類
底盘转向は「シャシーステアリング」または「ボトムプレートステアリング」と訳されます。これは車両の底部に関連する操舵のことを指します。,駆動方式,● 前置四驱,● 前置四驱,● 前置四驱,● 前置前驱,● 前置前驱,● 前置前驱,● 前置四驱,● 前置四驱,● 前置四驱,● 前置四驱,● 前置四驱,底盘转向は「シャシーステアリング」または「ボトムプレートステアリング」と訳されます。これは車両の底部に関連する操舵のことを指します。,駆動方式
底盘转向は「シャシーステアリング」または「ボトムプレートステアリング」と訳されます。これは車両の底部に関連する操舵のことを指します。,四輪駆動方式,● 适时四驱,● 适时四驱,● 适时四驱,,,,● 适时四驱,● 适时四驱,● 适时四驱,● 适时四驱,● 适时四驱,底盘转向は「シャシーステアリング」または「ボトムプレートステアリング」と訳されます。これは車両の底部に関連する操舵のことを指します。,四輪駆動方式
底盘转向は「シャシーステアリング」または「ボトムプレートステアリング」と訳されます。これは車両の底部に関連する操舵のことを指します。,中央差動装置の構造,● 多片离合器,● 多片离合器,● 多片离合器,,,,● 多片离合器,● 多片离合器,● 多片离合器,● 多片离合器,● 多片离合器,底盘转向は「シャシーステアリング」または「ボトムプレートステアリング」と訳されます。これは車両の底部に関連する操舵のことを指します。,中央差動装置の構造
底盘转向は「シャシーステアリング」または「ボトムプレートステアリング」と訳されます。これは車両の底部に関連する操舵のことを指します。,前サスペンションのタイプ,● 五连杆式独立悬架,● 五连杆式独立悬架,● 五连杆式独立悬架,● 五连杆式独立悬架,● 五连杆式独立悬架,● 五连杆式独立悬架,● 五连杆式独立悬架,● 五连杆式独立悬架,● 五连杆式独立悬架,● 五连杆式独立悬架,● 五连杆式独立悬架,底盘转向は「シャシーステアリング」または「ボトムプレートステアリング」と訳されます。これは車両の底部に関連する操舵のことを指します。,前サスペンションのタイプ
底盘转向は「シャシーステアリング」または「ボトムプレートステアリング」と訳されます。これは車両の底部に関連する操舵のことを指します。,後部サスペンションの種類,● 五连杆式独立悬架,● 五连杆式独立悬架,● 五连杆式独立悬架,● 五连杆式独立悬架,● 五连杆式独立悬架,● 五连杆式独立悬架,● 五连杆式独立悬架,● 五连杆式独立悬架,● 五连杆式独立悬架,● 五连杆式独立悬架,● 五连杆式独立悬架,底盘转向は「シャシーステアリング」または「ボトムプレートステアリング」と訳されます。これは車両の底部に関連する操舵のことを指します。,後部サスペンションの種類
底盘转向は「シャシーステアリング」または「ボトムプレートステアリング」と訳されます。これは車両の底部に関連する操舵のことを指します。,助力の種類,● 电动助力,● 电动助力,● 电动助力,● 电动助力,● 电动助力,● 电动助力,● 电动助力,● 电动助力,● 电动助力,● 电动助力,● 电动助力,底盘转向は「シャシーステアリング」または「ボトムプレートステアリング」と訳されます。これは車両の底部に関連する操舵のことを指します。,助力の種類
底盘转向は「シャシーステアリング」または「ボトムプレートステアリング」と訳されます。これは車両の底部に関連する操舵のことを指します。,車体構造,承载式,承载式,承载式,承载式,承载式,承载式,承载式,承载式,承载式,承载式,承载式,底盘转向は「シャシーステアリング」または「ボトムプレートステアリング」と訳されます。これは車両の底部に関連する操舵のことを指します。,車体構造
車輪ブレーキ,前ブレーキの種類,● 通风盘式,● 通风盘式,● 通风盘式,● 通风盘式,● 通风盘式,● 通风盘式,● 通风盘式,● 通风盘式,● 通风盘式,● 通风盘式,● 通风盘式,車輪ブレーキ,前ブレーキの種類
車輪ブレーキ,後制動器の種類,● 通风盘式,● 通风盘式,● 通风盘式,● 通风盘式,● 通风盘式,● 通风盘式,● 通风盘式,● 通风盘式,● 通风盘式,● 通风盘式,● 通风盘式,車輪ブレーキ,後制動器の種類
車輪ブレーキ,駐車ブレーキの種類,● 电子驻车,● 电子驻车,● 电子驻车,● 电子驻车,● 电子驻车,● 电子驻车,● 电子驻车,● 电子驻车,● 电子驻车,● 电子驻车,● 电子驻车,車輪ブレーキ,駐車ブレーキの種類
車輪ブレーキ,前輪のタイヤ規格,● 255/40 R20,● 255/40 R20,● 255/40 R20,● 245/45 R19○ 255/40 R20 (3200元),● 255/40 R20,● 255/40 R20,● 255/40 R20,● 255/40 R20,● 255/40 R20,● 255/40 R20,● 255/35 R21,車輪ブレーキ,前輪のタイヤ規格
車輪ブレーキ,後輪タイヤの仕様,● 255/40 R20,● 255/40 R20,● 255/40 R20,● 245/45 R19○ 255/40 R20 (3200元),● 255/40 R20,● 255/40 R20,● 255/40 R20,● 255/40 R20,● 255/40 R20,● 255/40 R20,● 255/35 R21,車輪ブレーキ,後輪タイヤの仕様
車輪ブレーキ,スペアタイヤの規格,● 非全尺寸,● 非全尺寸,● 非全尺寸,● 非全尺寸,● 非全尺寸,● 非全尺寸,● 非全尺寸,● 非全尺寸,● 非全尺寸,● 非全尺寸,● 非全尺寸,車輪ブレーキ,スペアタイヤの規格
車輪ブレーキ,スペアタイヤの設置方法,● 后备厢内,● 后备厢内,● 后备厢内,● 后备厢内,● 后备厢内,● 后备厢内,● 后备厢内,● 后备厢内,● 后备厢内,● 后备厢内,● 后备厢内,車輪ブレーキ,スペアタイヤの設置方法
受動的安全,運転席/助手席の安全エアバッグ,主 ● / 副 ●,主 ● / 副 ●,主 ● / 副 ●,主 ● / 副 ●,主 ● / 副 ●,主 ● / 副 ●,主 ● / 副 ●,主 ● / 副 ●,主 ● / 副 ●,主 ● / 副 ●,,受動的安全,運転席/助手席の安全エアバッグ
受動的安全,前席/後席側面エアバッグ,前 ● / 后 ○ (2000元),前 ● / 后 ○ (2000元),前 ● / 后 ○ (2000元),前 ● / 后 ○ (2000元),前 ● / 后 ○ (2000元),前 ● / 后 ○ (2000元),前 ● / 后 ○ (2000元),前 ● / 后 ○ (2000元),前 ● / 后 ○ (2000元),前 ● / 后,,受動的安全,前席/後席側面エアバッグ
受動的安全,前/後排頭部氣囊（氣簾）,前 ● / 后 ●,前 ● / 后 ●,前 ● / 后 ●,前 ● / 后 ●,前 ● / 后 ●,前 ● / 后 ●,前 ● / 后 ●,前 ● / 后 ●,前 ● / 后 ●,前 ● / 后 ●,,受動的安全,前/後排頭部氣囊（氣簾）
受動的安全,被动行人保护は「受動的歩行者保護」と訳されます。,●,●,●,●,●,●,●,●,●,●,,受動的安全,被动行人保护は「受動的歩行者保護」と訳されます。
アクティブセーフティ,ABS防抱死は「ABS（アンチロック・ブレーキ・システム）」という自動車のブレーキシステムを指し、ブレーキをかけた際に車輪がロックするのを防ぎ、運転手が操縦を維持できるようにする技術です。,●,●,●,●,●,●,●,●,●,●,,アクティブセーフティ,ABS防抱死は「ABS（アンチロック・ブレーキ・システム）」という自動車のブレーキシステムを指し、ブレーキをかけた際に車輪がロックするのを防ぎ、運転手が操縦を維持できるようにする技術です。
アクティブセーフティ,制動力配分（EBD/CBCなど）,●,●,●,●,●,●,●,●,●,●,,アクティブセーフティ,制動力配分（EBD/CBCなど）
アクティブセーフティ,ブレーキアシスト（EBA/BAS/BAなど）,●,●,●,●,●,●,●,●,●,●,,アクティブセーフティ,ブレーキアシスト（EBA/BAS/BAなど）
アクティブセーフティ,牽引力制御（ASR/TCS/TRCなど）,●,●,●,●,●,●,●,●,●,●,,アクティブセーフティ,牽引力制御（ASR/TCS/TRCなど）
アクティブセーフティ,車両姿勢制御（ESC/ESP/DSCなど）,●,●,●,●,●,●,●,●,●,●,,アクティブセーフティ,車両姿勢制御（ESC/ESP/DSCなど）
アクティブセーフティ,タイヤ圧監視機能,● 胎压报警,● 胎压报警,● 胎压报警,● 胎压报警,● 胎压报警,● 胎压报警,● 胎压报警,● 胎压报警,● 胎压报警,● 胎压报警,,アクティブセーフティ,タイヤ圧監視機能
アクティブセーフティ,シートベルト未着用のお知らせ,● 前排,● 前排,● 前排,● 前排,● 前排,● 前排,● 前排,● 前排,● 前排,● 前排,,アクティブセーフティ,シートベルト未着用のお知らせ
アクティブセーフティ,ISOFIXチャイルドシートインターフェース,●,●,●,●,●,●,●,●,●,●,,アクティブセーフティ,ISOFIXチャイルドシートインターフェース
アクティブセーフティ,車線逸脱警告システム,●,●,●,●,●,●,●,●,●,●,,アクティブセーフティ,車線逸脱警告システム
アクティブセーフティ,自動ブレーキ/アクティブセーフティシステム,●,●,●,●,●,●,●,●,●,●,,アクティブセーフティ,自動ブレーキ/アクティブセーフティシステム
アクティブセーフティ,疲労運転の注意喚,●,●,●,●,●,●,●,●,●,●,,アクティブセーフティ,疲労運転の注意喚
アクティブセーフティ,前方衝突警報,●,●,●,●,●,●,●,●,●,●,,アクティブセーフティ,前方衝突警報
アクティブセーフティ,道路救援呼叫は「ロードサービスの呼び出し」という意味です。,●,●,●,●,●,●,●,●,●,●,,アクティブセーフティ,道路救援呼叫は「ロードサービスの呼び出し」という意味です。
運転操作,運転モードの切り替え,● 运动● 经济● 标准/舒适● 自定义/个性化,● 运动● 经济● 标准/舒适● 自定义/个性化,● 运动● 经济● 标准/舒适● 自定义/个性化,● 运动● 标准/舒适● 自定义/个性化,● 运动● 经济● 标准/舒适● 自定义/个性化,● 运动● 经济● 标准/舒适● 自定义/个性化,● 运动● 经济● 标准/舒适● 自定义/个性化,● 运动● 经济● 标准/舒适● 自定义/个性化,● 运动● 经济● 标准/舒适● 自定义/个性化,● 运动● 经济● 标准/舒适● 自定义/个性化,,運転操作,運転モードの切り替え
運転操作,エンジンのスタート・ストップ技術,●,●,●,●,●,●,●,●,●,●,,運転操作,エンジンのスタート・ストップ技術
運転操作,自動駐車,●,●,●,●,●,●,●,●,●,●,,運転操作,自動駐車
運転操作,上坡辅助は「坂道発進補助」という意味です。,●,●,●,●,●,●,●,●,●,●,,運転操作,上坡辅助は「坂道発進補助」という意味です。
運転操作,可変サスペンション機能,,,○ 悬架软硬调节○ 悬架高低调节,,,,,,○ 悬架软硬调节○ 悬架高低调节,○ 悬架软硬调节○ 悬架高低调节,,運転操作,可変サスペンション機能
運転操作,エアサスペンション,,,○ (2.90万元),,,,,,○ (2.90万元),○ (2.90万元),,運転操作,エアサスペンション
運転操作,可変ステアリング比,●,●,●,●,●,●,●,●,●,●,,運転操作,可変ステアリング比
ドライビングハードウェア,前後駐車センサー,前 ● / 后 ●,前 ● / 后 ●,前 ● / 后 ●,前 ● / 后 ●,前 ● / 后 ●,前 ● / 后 ●,前 ● / 后 ●,前 ● / 后 ●,前 ● / 后 ●,前 ● / 后 ●,,ドライビングハードウェア,前後駐車センサー
ドライビングハードウェア,運転支援映像,● 360度全景影像,● 360度全景影像,● 360度全景影像,● 倒车影像○ 360度全景影像 (7000元),● 360度全景影像,● 倒车影像,● 360度全景影像,● 360度全景影像,● 360度全景影像,● 360度全景影像,,ドライビングハードウェア,運転支援映像
ドライビングハードウェア,前方感知摄像头は「前方障害物検知カメラ」または「前方認識カメラ」と翻訳できます。,● 单目,● 单目,● 单目,● 单目,● 单目,● 单目,● 单目,● 单目,● 单目,● 单目,,ドライビングハードウェア,前方感知摄像头は「前方障害物検知カメラ」または「前方認識カメラ」と翻訳できます。
ドライビングハードウェア,カメラの数量,● 5个,● 5个,● 5个,● 2个○ 5个,● 5个,● 2个,● 5个,● 5个,● 5个,● 5个,,ドライビングハードウェア,カメラの数量
ドライビングハードウェア,超声波レーダーの数量,● 12个,● 12个,● 12个,● 8个,● 12个,● 12个,● 12个,● 12个,● 12个,● 12个,,ドライビングハードウェア,超声波レーダーの数量
ドライビングハードウェア,ミリ波レーダーの数量,● 1个○ 3个,● 1个○ 3个,● 1个○ 3个,● 1个○ 3个,● 1个○ 3个,● 1个○ 3个,● 1个○ 3个,● 1个○ 3个,● 1个○ 3个,● 3个,,ドライビングハードウェア,ミリ波レーダーの数量
運転機能,巡航システム,● 定速巡航○ 全速自适应巡航 (2.00万元),● 定速巡航○ 全速自适应巡航 (2.00万元),● 定速巡航○ 全速自适应巡航 (2.00万元),● 定速巡航○ 全速自适应巡航 (2.00万元),● 定速巡航○ 全速自适应巡航 (2.00万元),● 定速巡航○ 全速自适应巡航 (2.00万元),● 定速巡航○ 全速自适应巡航 (2.00万元),● 定速巡航○ 全速自适应巡航 (2.00万元),● 定速巡航○ 全速自适应巡航 (2.00万元),● 定速巡航○ 全速自适应巡航 (2.00万元),,運転機能,巡航システム
運転機能,運転支援レベル,○ L2,○ L2,○ L2,○ L2,○ L2,○ L2,○ L2,○ L2,○ L2,○ L2,,運転機能,運転支援レベル
運転機能,バックカメラ側警告システム,○,○,○,○,○,○,○,○,○,●,,運転機能,バックカメラ側警告システム
運転機能,衛星ナビゲーションシステム,●,●,●,●,●,●,●,●,●,●,,運転機能,衛星ナビゲーションシステム
運転機能,ナビゲーションの交通情報が表示されています。,●,●,●,●,●,●,●,●,●,●,,運転機能,ナビゲーションの交通情報が表示されています。
運転機能,並行線の補助,○,○,○,○,○,○,○,○,○,●,,運転機能,並行線の補助
運転機能,車線維持支援システム,○,○,○,○,○,○,○,○,○,○,,運転機能,車線維持支援システム
運転機能,車線の中央を維持してください。,○,○,○,○,○,○,○,○,○,○,,運転機能,車線の中央を維持してください。
運転機能,道路交通標識の認識,●,●,●,●,●,●,●,●,●,●,,運転機能,道路交通標識の認識
運転機能,夜間視力システム,○ (1.91万元),○ (1.91万元),○ (1.91万元),○ (1.91万元),○ (1.91万元),○ (1.91万元),○ (1.91万元),○ (1.91万元),○ (1.91万元),○ (1.91万元),,運転機能,夜間視力システム
運転機能,駐車補助入庫,,,,○ (4000元),,,,,,,,運転機能,駐車補助入庫
外観/防盗,エクステリアキット,● 运动风格,● 运动风格,● 运动风格,● 运动风格,● 运动风格,● 运动风格,● 运动风格,● 运动风格,● 运动风格,● 运动风格,,外観/防盗,エクステリアキット
外観/防盗,ホイールの材質,● 铝合金,● 铝合金,● 铝合金,● 铝合金,● 铝合金,● 铝合金,● 铝合金,● 铝合金,● 铝合金,● 铝合金,,外観/防盗,ホイールの材質
外観/防盗,電動トランク,●,●,●,○ (7000元),●,●,●,●,●,●,,外観/防盗,電動トランク
外観/防盗,エンジン電子盗難防止システム,●,●,●,●,●,●,●,●,●,●,,外観/防盗,エンジン電子盗難防止システム
外観/防盗,車内の中央ロック,●,●,●,●,●,●,●,●,●,●,,外観/防盗,車内の中央ロック
外観/防盗,鍵の種類,● 遥控钥匙,● 遥控钥匙,● 遥控钥匙,● 遥控钥匙,● 遥控钥匙,● 遥控钥匙,● 遥控钥匙,● 遥控钥匙,● 遥控钥匙,● 遥控钥匙,,外観/防盗,鍵の種類
外観/防盗,キーなしスタートシステム,●,●,●,●,●,●,●,●,●,●,,外観/防盗,キーなしスタートシステム
外観/防盗,鍵なし入場機能,● 全车,● 全车,● 全车,● 全车,● 全车,● 全车,● 全车,● 全车,● 全车,● 全车,,外観/防盗,鍵なし入場機能
外観/防盗,遠隔動機能,●,●,●,●,●,●,●,●,●,●,,外観/防盗,遠隔動機能
車外の光源,ロービーム光源,● LED,● LED,● LED,● LED,● LED,● LED,● LED,● LED,● LED,● LED,,車外の光源,ロービーム光源
車外の光源,遠光灯光源（遠くを照らす光源）,● LED,● LED,● LED,● LED,● LED,● LED,● LED,● LED,● LED,● LED,,車外の光源,遠光灯光源（遠くを照らす光源）
車外の光源,ライトの特長機能,● 矩阵式,● 矩阵式,● 矩阵式,● 矩阵式,● 矩阵式,● 矩阵式,● 矩阵式,● 矩阵式,● 矩阵式,● 矩阵式,,車外の光源,ライトの特長機能
車外の光源,LEDデイタイムランニングライト,●,●,●,●,●,●,●,●,●,●,,車外の光源,LEDデイタイムランニングライト
車外の光源,適応型ハイビーム/ロービーム,●,●,●,●,●,●,●,●,●,●,,車外の光源,適応型ハイビーム/ロービーム
車外の光源,自動ヘッドライト,●,●,●,●,●,●,●,●,●,●,,車外の光源,自動ヘッドライト
車外の光源,フォグランプ（霧灯）,,,,,,,,,,,,車外の光源,フォグランプ（霧灯）
車外の光源,前方灯の雨霧モード,●,●,●,●,●,●,●,●,●,●,,車外の光源,前方灯の雨霧モード
車外の光源,大灯の高さは調整可能です。,●,●,●,●,●,●,●,●,●,●,,車外の光源,大灯の高さは調整可能です。
車外の光源,大灯清洗装置は「ヘッドライト洗浄装置」と訳されます。,○,○,○,○,○,○,○,○,○,○,,車外の光源,大灯清洗装置は「ヘッドライト洗浄装置」と訳されます。
車外の光源,大灯延時閉鎖,●,●,●,●,●,●,●,●,●,●,,車外の光源,大灯延時閉鎖
天窓/ガラス,天窓の種類,● 分段式电动天窗,● 分段式电动天窗,● 分段式电动天窗,● 分段式电动天窗,● 分段式电动天窗,● 分段式电动天窗,● 分段式电动天窗,● 分段式电动天窗,● 分段式电动天窗,● 分段式电动天窗,,天窓/ガラス,天窓の種類
天窓/ガラス,前/後電動車窓,前 ● / 后 ●,前 ● / 后 ●,前 ● / 后 ●,前 ● / 后 ●,前 ● / 后 ●,前 ● / 后 ●,前 ● / 后 ●,前 ● / 后 ●,前 ● / 后 ●,前 ● / 后 ●,,天窓/ガラス,前/後電動車窓
天窓/ガラス,車の窓のワンタッチ昇降機能,● 全车,● 全车,● 全车,● 全车,● 全车,● 全车,● 全车,● 全车,● 全车,● 全车,,天窓/ガラス,車の窓のワンタッチ昇降機能
天窓/ガラス,車窓の挟み込み防止機能,●,●,●,●,●,●,●,●,●,●,,天窓/ガラス,車窓の挟み込み防止機能
天窓/ガラス,サイドウィンドウの多重防音ガラス,○ 全车,○ 全车,● 全车,○ 全车,○ 全车,○ 全车,○ 全车,○ 全车,● 全车,● 全车,,天窓/ガラス,サイドウィンドウの多重防音ガラス
天窓/ガラス,後面のサンシェードカーテン,○ (2000元),●,,○ (2000元),○ (2000元),○ (2000元),○ (2000元),●,●,,,天窓/ガラス,後面のサンシェードカーテン
天窓/ガラス,後部のサイドプライバシーガラス,○ (2000元),○ (2000元),●,○ (2000元),○ (2000元),○ (2000元),○ (2000元),○ (2000元),●,●,,天窓/ガラス,後部のサイドプライバシーガラス
天窓/ガラス,車内の化粧鏡,● 主驾驶+照明灯● 副驾驶+照明灯,● 主驾驶+照明灯● 副驾驶+照明灯,● 主驾驶+照明灯● 副驾驶+照明灯,● 主驾驶+照明灯● 副驾驶+照明灯,● 主驾驶+照明灯● 副驾驶+照明灯,● 主驾驶+照明灯● 副驾驶+照明灯,● 主驾驶+照明灯● 副驾驶+照明灯,● 主驾驶+照明灯● 副驾驶+照明灯,● 主驾驶+照明灯● 副驾驶+照明灯,● 主驾驶+照明灯● 副驾驶+照明灯,,天窓/ガラス,車内の化粧鏡
天窓/ガラス,リアワイパー,,,,,,,,,,,,天窓/ガラス,リアワイパー
天窓/ガラス,センサー式ワイパー機能,● 雨量感应式,● 雨量感应式,● 雨量感应式,● 雨量感应式,● 雨量感应式,● 雨量感应式,● 雨量感应式,● 雨量感应式,● 雨量感应式,● 雨量感应式,,天窓/ガラス,センサー式ワイパー機能
サイドミラー,外後視鏡の機能,● 电动调节● 电动折叠● 后视镜记忆● 后视镜加热● 倒车自动下翻● 锁车自动折叠● 自动防眩目,● 电动调节● 电动折叠● 后视镜记忆● 后视镜加热● 倒车自动下翻● 锁车自动折叠● 自动防眩目,● 电动调节● 电动折叠● 后视镜记忆● 后视镜加热● 倒车自动下翻● 锁车自动折叠● 自动防眩目,● 电动调节● 电动折叠○ 后视镜记忆 (2500元)● 后视镜加热● 倒车自动下翻● 锁车自动折叠○ 自动防眩目,● 电动调节● 电动折叠○ 后视镜记忆 (2500元)● 后视镜加热● 倒车自动下翻● 锁车自动折叠○ 自动防眩目,● 电动调节● 电动折叠○ 后视镜记忆 (2500元)● 后视镜加热● 倒车自动下翻● 锁车自动折叠○ 自动防眩目,● 电动调节● 电动折叠● 后视镜记忆● 后视镜加热● 倒车自动下翻● 锁车自动折叠● 自动防眩目,● 电动调节● 电动折叠● 后视镜记忆● 后视镜加热● 倒车自动下翻● 锁车自动折叠● 自动防眩目,● 电动调节● 电动折叠● 后视镜记忆● 后视镜加热● 倒车自动下翻● 锁车自动折叠● 自动防眩目,● 电动调节● 电动折叠● 后视镜记忆● 后视镜加热● 倒车自动下翻● 锁车自动折叠● 自动防眩目,,サイドミラー,外後視鏡の機能
画面/システム,中央制御カラースクリーン,● 触控液晶屏,● 触控液晶屏,● 触控液晶屏,● 触控液晶屏,● 触控液晶屏,● 触控液晶屏,● 触控液晶屏,● 触控液晶屏,● 触控液晶屏,● 触控液晶屏,,画面/システム,中央制御カラースクリーン
画面/システム,中央コントロールスクリーンのサイズ,● 10.1英寸,● 10.1英寸,● 10.1英寸,● 10.1英寸,● 10.1英寸,● 10.1英寸,● 10.1英寸,● 10.1英寸,● 10.1英寸,● 10.1英寸,,画面/システム,中央コントロールスクリーンのサイズ
画面/システム,中央コントロール下のスクリーンサイズ,● 8.6英寸,● 8.6英寸,● 8.6英寸,● 8.6英寸,● 8.6英寸,● 8.6英寸,● 8.6英寸,● 8.6英寸,● 8.6英寸,● 8.6英寸,,画面/システム,中央コントロール下のスクリーンサイズ
画面/システム,Bluetooth/車載電話,●,●,●,●,●,●,●,●,●,●,,画面/システム,Bluetooth/車載電話
画面/システム,携帯電話の相互接続/ミラーリング,● 支持CarPlay,● 支持CarPlay,● 支持CarPlay,● 支持CarPlay,● 支持CarPlay,● 支持CarPlay,● 支持CarPlay,● 支持CarPlay,● 支持CarPlay,● 支持CarPlay,,画面/システム,携帯電話の相互接続/ミラーリング
画面/システム,音声認識制御システム,● 多媒体系统● 导航● 电话● 空调,● 多媒体系统● 导航● 电话● 空调,● 多媒体系统● 导航● 电话● 空调,● 多媒体系统● 导航● 电话● 空调,● 多媒体系统● 导航● 电话● 空调,● 多媒体系统● 导航● 电话● 空调,● 多媒体系统● 导航● 电话● 空调,● 多媒体系统● 导航● 电话● 空调,● 多媒体系统● 导航● 电话● 空调,● 多媒体系统● 导航● 电话● 空调,,画面/システム,音声認識制御システム
画面/システム,車載スマートシステム,● 奥迪Connect,● 奥迪Connect,● 奥迪Connect,● 奥迪Connect,● 奥迪Connect,● 奥迪Connect,● 奥迪Connect,● 奥迪Connect,● 奥迪Connect,● 奥迪Connect,,画面/システム,車載スマートシステム
画面/システム,後部液晶スクリーン,○ (7100元),○ (7100元),○ (7100元),,○ (7100元),○ (7100元),○ (7100元),○ (7100元),○ (7100元),●,,画面/システム,後部液晶スクリーン
画面/システム,後部座席でのマルチメディアコントロール,○,○,○,,○,○,○,○,○,●,,画面/システム,後部座席でのマルチメディアコントロール
スマート配置,車両ネットワーク,●,●,●,●,●,●,●,●,●,●,,スマート配置,車両ネットワーク
スマート配置,4G/5Gネットワーク,● 5G,● 5G,● 5G,● 4G,● 4G,● 4G,● 4G,● 4G,● 4G,● 4G,,スマート配置,4G/5Gネットワーク
スマート配置,OTAアップデート,,,,,,,,,,,,スマート配置,OTAアップデート
スマート配置,スマートフォンアプリのリモート機能,● 车门控制● 车辆启动● 空调控制,● 车门控制● 车辆启动● 空调控制,● 车门控制● 车辆启动● 空调控制,● 车门控制● 车辆启动● 空调控制,● 车门控制● 车辆启动● 空调控制,● 车门控制● 车辆启动● 空调控制,● 车门控制● 车辆启动● 空调控制,● 车门控制● 车辆启动● 空调控制,● 车门控制● 车辆启动● 空调控制,● 车门控制● 车辆启动● 空调控制,,スマート配置,スマートフォンアプリのリモート機能
ハンドル/内側のバックミラー,ステアリングホイールの素材,● 真皮,● 真皮,● 真皮,● 真皮,● 真皮,● 真皮,● 真皮,● 真皮,● 真皮,● 真皮,,ハンドル/内側のバックミラー,ステアリングホイールの素材
ハンドル/内側のバックミラー,ステアリングホイールの位置調整,● 电动上下+前后调节,● 电动上下+前后调节,● 电动上下+前后调节,● 手动上下+前后调节○ 电动上下+前后调节 (4000元),● 手动上下+前后调节○ 电动上下+前后调节 (4000元),● 手动上下+前后调节○ 电动上下+前后调节 (4000元),● 电动上下+前后调节,● 电动上下+前后调节,● 电动上下+前后调节,● 电动上下+前后调节,,ハンドル/内側のバックミラー,ステアリングホイールの位置調整
ハンドル/内側のバックミラー,シフト方式,● 电子挡把换挡,● 电子挡把换挡,● 电子挡把换挡,● 电子挡把换挡,● 电子挡把换挡,● 电子挡把换挡,● 电子挡把换挡,● 电子挡把换挡,● 电子挡把换挡,● 电子挡把换挡,,ハンドル/内側のバックミラー,シフト方式
ハンドル/内側のバックミラー,マルチファンクションステアリングホイール,●,●,●,●,●,●,●,●,●,●,,ハンドル/内側のバックミラー,マルチファンクションステアリングホイール
ハンドル/内側のバックミラー,ステアリングホイールのシフトパドル,●,●,●,●,●,●,●,●,●,●,,ハンドル/内側のバックミラー,ステアリングホイールのシフトパドル
ハンドル/内側のバックミラー,ステアリングホイール加熱,○ (1000元),○,○,○ (1000元),○ (1000元),○ (1000元),○ (1000元),○,○,○ (1000元),,ハンドル/内側のバックミラー,ステアリングホイール加熱
ハンドル/内側のバックミラー,「方向盘记忆」は「ステアリングホイールのメモリ」と訳すことができます。これは、車の方向盤に関連する設定や機能を記憶することを指している可能性があります。,●,●,●,○,○,○,●,●,●,●,,ハンドル/内側のバックミラー,「方向盘记忆」は「ステアリングホイールのメモリ」と訳すことができます。これは、車の方向盤に関連する設定や機能を記憶することを指している可能性があります。
ハンドル/内側のバックミラー,運転用コンピュータのディスプレイ画面,● 彩色,● 彩色,● 彩色,● 彩色,● 彩色,● 彩色,● 彩色,● 彩色,● 彩色,● 彩色,,ハンドル/内側のバックミラー,運転用コンピュータのディスプレイ画面
ハンドル/内側のバックミラー,フル液晶メータークラスター,●,●,●,●,●,●,●,●,●,●,,ハンドル/内側のバックミラー,フル液晶メータークラスター
ハンドル/内側のバックミラー,液晶メーターのサイズ,● 12.3英寸,● 12.3英寸,● 12.3英寸,● 12.3英寸,● 12.3英寸,● 12.3英寸,● 12.3英寸,● 12.3英寸,● 12.3英寸,● 12.3英寸,,ハンドル/内側のバックミラー,液晶メーターのサイズ
ハンドル/内側のバックミラー,HUDヘッドアップディスプレイ,○ (1.87万元),○ (1.87万元),○ (1.87万元),○ (1.87万元),○ (1.87万元),○ (1.87万元),○ (1.87万元),○ (1.87万元),○ (1.87万元),●,,ハンドル/内側のバックミラー,HUDヘッドアップディスプレイ
ハンドル/内側のバックミラー,内後視鏡の機能,● 自动防眩目,● 自动防眩目,● 自动防眩目,● 自动防眩目,● 自动防眩目,● 自动防眩目,● 自动防眩目,● 自动防眩目,● 自动防眩目,● 自动防眩目,,ハンドル/内側のバックミラー,内後視鏡の機能
ハンドル/内側のバックミラー,ETC装置は「ETC装置」と日本語でそのまま表現されます。ETCは「電子料金収受システム」の略称で、高速道路などで自動的に料金を支払うための装置です。,○ (500元),○ (500元),○ (500元),○ (500元),○ (500元),○ (500元),○ (500元),○ (500元),○ (500元),○ (500元),,ハンドル/内側のバックミラー,ETC装置は「ETC装置」と日本語でそのまま表現されます。ETCは「電子料金収受システム」の略称で、高速道路などで自動的に料金を支払うための装置です。
車内充電,マルチメディア/充電インターフェース,● Type-C,● Type-C,● Type-C,● Type-C,● Type-C,● Type-C,● Type-C,● Type-C,● Type-C,● Type-C,,車内充電,マルチメディア/充電インターフェース
車内充電,USB/Type-Cポートの数,● 前排2个/后排2个,● 前排2个/后排2个,● 前排2个/后排2个,● 前排2个/后排2个,● 前排2个/后排2个,● 前排2个/后排2个,● 前排2个/后排2个,● 前排2个/后排2个,● 前排2个/后排2个,● 前排2个/后排2个,,車内充電,USB/Type-Cポートの数
車内充電,スマートフォンのワイヤレス充電機能,○ 前排 (3500元),○ 前排 (3500元),○ 前排 (3500元),○ 前排 (3500元),○ 前排 (3500元),○ 前排 (3500元),○ 前排 (3500元),○ 前排 (3500元),○ 前排 (3500元),○ 前排 (3500元),,車内充電,スマートフォンのワイヤレス充電機能
車内充電,荷物室の12V電源インターフェース,●,●,●,●,●,●,●,●,●,●,,車内充電,荷物室の12V電源インターフェース
座席配置,座椅材质は「座席の素材」または「椅子の素材」と翻訳できます。,○ 真皮 (7200元)● 仿皮,○ 真皮 (7200元)● 仿皮,○ 真皮 (7200元)● 仿皮,○ 真皮 (8200元)● 仿皮,○ 真皮 (7200元)● 仿皮,○ 真皮 (7200元)● 仿皮,○ 真皮 (7200元)● 仿皮,○ 真皮 (7200元)● 仿皮,○ 真皮 (7200元)● 仿皮,● 真皮,,座席配置,座椅材质は「座席の素材」または「椅子の素材」と翻訳できます。
座席配置,スポーツスタイルのシート,●,●,●,●,●,,●,●,●,,,座席配置,スポーツスタイルのシート
座席配置,運転席の調整方法,● 前后调节● 靠背调节● 高低调节(4向)● 腰部支撑(4向),● 前后调节● 靠背调节● 高低调节(4向)● 腰部支撑(4向),● 前后调节● 靠背调节● 高低调节(4向)● 腰部支撑(4向),● 前后调节● 靠背调节● 高低调节(4向)● 腰部支撑(4向),● 前后调节● 靠背调节● 高低调节(4向)● 腰部支撑(4向),● 前后调节● 靠背调节● 高低调节(4向)● 腰部支撑(4向),● 前后调节● 靠背调节● 高低调节(4向)● 腰部支撑(4向),● 前后调节● 靠背调节● 高低调节(4向)● 腰部支撑(4向),● 前后调节● 靠背调节● 高低调节(4向)● 腰部支撑(4向),● 前后调节● 靠背调节● 高低调节(4向)● 腰部支撑(4向),,座席配置,運転席の調整方法
座席配置,副座席の調節方法,● 前后调节● 靠背调节● 高低调节(4向)● 腰部支撑(4向),● 前后调节● 靠背调节● 高低调节(4向)● 腰部支撑(4向),● 前后调节● 靠背调节● 高低调节(4向)● 腰部支撑(4向),● 前后调节● 靠背调节● 高低调节(4向)● 腰部支撑(4向),● 前后调节● 靠背调节● 高低调节(4向)● 腰部支撑(4向),● 前后调节● 靠背调节● 高低调节(4向)● 腰部支撑(4向),● 前后调节● 靠背调节● 高低调节(4向)● 腰部支撑(4向),● 前后调节● 靠背调节● 高低调节(4向)● 腰部支撑(4向),● 前后调节● 靠背调节● 高低调节(4向)● 腰部支撑(4向),● 前后调节● 靠背调节● 高低调节(4向)● 腰部支撑(4向),,座席配置,副座席の調節方法
座席配置,運転席/助手席の電動調節,主 ● / 副 ●,主 ● / 副 ●,主 ● / 副 ●,主 ● / 副 ●,主 ● / 副 ●,主 ● / 副 ●,主 ● / 副 ●,主 ● / 副 ●,主 ● / 副 ●,主 ● / 副 ●,,座席配置,運転席/助手席の電動調節
座席配置,前席の座席機能,● 加热○ 通风 (6000元)○ 按摩,● 加热○ 通风 (6000元)○ 按摩,● 加热○ 通风 (6000元)○ 按摩,○ 加热 (2500元)○ 通风 (6000元),● 加热○ 通风 (6000元)○ 按摩,● 加热● 通风○ 按摩,● 加热○ 通风 (6000元)○ 按摩,● 加热○ 通风 (6000元)○ 按摩,● 加热○ 通风 (6000元)○ 按摩,● 加热● 通风● 按摩,,座席配置,前席の座席機能
座席配置,電動シートのメモリ機能,● 驾驶位,● 驾驶位,● 驾驶位,○ 驾驶位 (2500元),○ 驾驶位 (2500元),○ 驾驶位 (2500元),● 驾驶位,● 驾驶位,● 驾驶位,● 驾驶位,,座席配置,電動シートのメモリ機能
座席配置,副操縦士席の後部座席にある調整ボタン,○ (1700元),●,●,○ (1700元),○ (1700元),○ (1700元),○ (1700元),○ (1700元),○ (1700元),●,,座席配置,副操縦士席の後部座席にある調整ボタン
座席配置,第二排座椅调节は「第二列の座席調整」という意味です。,○ 靠背调节○ 腰部调节,● 靠背调节● 腰部调节,● 靠背调节● 腰部调节,,○ 靠背调节○ 腰部调节,● 靠背调节○ 腰部调节,○ 靠背调节○ 腰部调节,○ 靠背调节○ 腰部调节,○ 靠背调节○ 腰部调节,● 靠背调节● 腰部调节,,座席配置,第二排座椅调节は「第二列の座席調整」という意味です。
座席配置,第二列の座席は電動調整可能です。,○ (4500元),●,●,,○ (4500元),●,○ (4500元),○ (4500元),○ (4500元),●,,座席配置,第二列の座席は電動調整可能です。
座席配置,第二列の座席の機能,○ 加热 (2500元)○ 通风○ 按摩,● 加热○ 通风○ 按摩,● 加热○ 通风○ 按摩,○ 加热 (2500元),○ 加热 (2500元)○ 通风○ 按摩,○ 加热 (2500元)○ 通风○ 按摩,○ 加热 (2500元)○ 通风○ 按摩,● 加热○ 通风○ 按摩,● 加热○ 通风○ 按摩,● 加热● 通风● 按摩,,座席配置,第二列の座席の機能
座席配置,後部座席の倒し方,,,,,,,,,,,,座席配置,後部座席の倒し方
座席配置,前後中央アームレスト,前 ● / 后 ●,前 ● / 后 ●,前 ● / 后 ●,前 ● / 后 ●,前 ● / 后 ●,前 ● / 后 ●,前 ● / 后 ●,前 ● / 后 ●,前 ● / 后 ●,前 ● / 后 ●,,座席配置,前後中央アームレスト
座席配置,後部座席のカップホルダー,●,●,●,●,●,●,●,●,●,●,,座席配置,後部座席のカップホルダー
音響/車内の灯光,スピーカーブランド名,○ Bang & Olufsen (1.45万元),● Bang & Olufsen,● Bang & Olufsen,○ Bang & Olufsen (1.45万元),○ Bang & Olufsen (1.45万元),○ Bang & Olufsen (1.45万元),○ Bang & Olufsen (1.45万元),● Bang & Olufsen,● Bang & Olufsen,● Bang & Olufsen,,音響/車内の灯光,スピーカーブランド名
音響/車内の灯光,スピーカーの数量,● 10喇叭○ 16喇叭,● 16喇叭,● 16喇叭,● 10喇叭○ 16喇叭,● 10喇叭○ 16喇叭,● 10喇叭○ 16喇叭,● 10喇叭○ 16喇叭,● 16喇叭,● 16喇叭,● 16喇叭,,音響/車内の灯光,スピーカーの数量
音響/車内の灯光,タッチ式読書灯,●,●,●,●,●,●,●,●,●,●,,音響/車内の灯光,タッチ式読書灯
音響/車内の灯光,車内の環境照明,● 多色,● 多色,● 多色,● 多色,● 多色,● 多色,● 多色,● 多色,● 多色,● 多色,,音響/車内の灯光,車内の環境照明
エアコン/冷蔵庫,エアコンの温度制御方法,● 自动空调,● 自动空调,● 自动空调,● 自动空调,● 自动空调,● 自动空调,● 自动空调,● 自动空调,● 自动空调,● 自动空调,,エアコン/冷蔵庫,エアコンの温度制御方法
エアコン/冷蔵庫,後部独立エアコン,●,●,●,○ (5000元),●,●,●,●,●,●,,エアコン/冷蔵庫,後部独立エアコン
エアコン/冷蔵庫,後部座席のエアコン吹き出し口,●,●,●,●,●,●,●,●,●,●,,エアコン/冷蔵庫,後部座席のエアコン吹き出し口
エアコン/冷蔵庫,温度分区コントロール,●,●,●,●,●,●,●,●,●,●,,エアコン/冷蔵庫,温度分区コントロール
エアコン/冷蔵庫,車載空気清浄機,○,○,○,○,○,○,○,○,○,○,,エアコン/冷蔵庫,車載空気清浄機
エアコン/冷蔵庫,車内PM2.5フィルター装置,○,○,○,○,○,○,○,○,○,○,,エアコン/冷蔵庫,車内PM2.5フィルター装置
エアコン/冷蔵庫,負イオン発生器,○,○,○,○,○,○,○,○,○,○,,エアコン/冷蔵庫,負イオン発生器
エアコン/冷蔵庫,車内芳香装置,○,○,○,○,○,○,○,○,○,○,,エアコン/冷蔵庫,車内芳香装置
エアコン/冷蔵庫,空気質量監視,,,,,,,,,,●,,エアコン/冷蔵庫,空気質量監視
色彩,外観の色,,,,,,,,,,,,色彩,外観の色
色彩,内装の色,,,,,,,,,,,,色彩,内装の色
選択可能なパッケージ,暗い色のガラスバッグ,,,,○ 选配 (2000元),○ 选配 (2000元),○ 选配 (2000元),○ 选配 (2000元),○ 选配 (2000元),,,,選択可能なパッケージ,暗い色のガラスバッグ
選択可能なパッケージ,運転席のシートにはメモリー機能があります。,,,,○ 选配 (2500元),○ 选配 (2500元),,,,,,,選択可能なパッケージ,運転席のシートにはメモリー機能があります。
選択可能なパッケージ,アウディのスマートフォンボックス,,,,○ 选配 (3500元),○ 选配 (3500元),○ 选配 (3500元),○ 选配 (3500元),○ 选配 (3500元),○ 选配 (3500元),○ 选配 (3500元),,選択可能なパッケージ,アウディのスマートフォンボックス
選択可能なパッケージ,360度映像システム,,,,○ 选配 (7000元),,,,,,,,選択可能なパッケージ,360度映像システム
選択可能なパッケージ,アウディの側方支援およびアウディ前方安全機能の後部版,,,,○ 选配 (14000元),○ 选配 (14000元),,○ 选配 (14000元),,○ 选配 (14000元),,,選択可能なパッケージ,アウディの側方支援およびアウディ前方安全機能の後部版
選択可能なパッケージ,アウディ高解像度マトリクスLEDヘッドライト,,,,○ 选配 (16800元),○ 选配 (16800元),○ 选配 (16800元),○ 选配 (16800元),○ 选配 (16800元),○ 选配 (16800元),,,選択可能なパッケージ,アウディ高解像度マトリクスLEDヘッドライト
選択可能なパッケージ,都市運転支援パッケージ,,,,○ 选配 (23300元),○ 选配 (23300元),○ 选配 (23300元),○ 选配 (23300元),○ 选配 (23300元),○ 选配 (23300元),,,選択可能なパッケージ,都市運転支援パッケージ
選択可能なパッケージ,旅行運転補助パッケージ,,,,○ 选配 (26000元),○ 选配 (26000元),○ 选配 (26000元),○ 选配 (26000元),○ 选配 (26000元),○ 选配 (26000元),○ 选配 (26000元),,選択可能なパッケージ,旅行運転補助パッケージ
選択可能なパッケージ,前席の快適なシート,,,,,○ 选配 (3200元),,○ 选配 (3200元),○ 选配 (3200元),○ 选配 (3200元),,,選択可能なパッケージ,前席の快適なシート
